id,Personality
18524,Extrovert
18525,Extrovert
18526,Introvert
18527,Extrovert
18528,Extrovert
18529,Extrovert
18530,
18531,Extrovert
18532,Introvert
18533,Extrovert
18534,Extrovert
18535,Extrovert
18536,Extrovert
18537,
18538,Extrovert
18539,Extrovert
18540,Extrovert
18541,Introvert
18542,Extrovert
18543,Extrovert
18544,Extrovert
18545,Introvert
18546,Introvert
18547,Extrovert
18548,Extrovert
18549,Introvert
18550,Extrovert
18551,Introvert
18552,Extrovert
18553,Introvert
18554,Extrovert
18555,
18556,Extrovert
18557,Extrovert
18558,Introvert
18559,Introvert
18560,Extrovert
18561,Extrovert
18562,Extrovert
18563,Extrovert
18564,Extrovert
18565,Extrovert
18566,Extrovert
18567,Extrovert
18568,Introvert
18569,Extrovert
18570,Extrovert
18571,Extrovert
18572,Introvert
18573,Extrovert
18574,Introvert
18575,Extrovert
18576,Extrovert
18577,Introvert
18578,Introvert
18579,Introvert
18580,Extrovert
18581,Extrovert
18582,Introvert
18583,Extrovert
18584,Introvert
18585,Extrovert
18586,Extrovert
18587,Extrovert
18588,Introvert
18589,Introvert
18590,Extrovert
18591,Extrovert
18592,Introvert
18593,Introvert
18594,Extrovert
18595,Extrovert
18596,Extrovert
18597,Extrovert
18598,Extrovert
18599,Extrovert
18600,Introvert
18601,Introvert
18602,Extrovert
18603,Extrovert
18604,Extrovert
18605,Extrovert
18606,Extrovert
18607,Introvert
18608,Extrovert
18609,Extrovert
18610,Extrovert
18611,Introvert
18612,
18613,Extrovert
18614,Extrovert
18615,Extrovert
18616,Introvert
18617,Extrovert
18618,Extrovert
18619,Extrovert
18620,Introvert
18621,Introvert
18622,Extrovert
18623,Extrovert
18624,Extrovert
18625,Extrovert
18626,Extrovert
18627,Extrovert
18628,Extrovert
18629,Introvert
18630,Extrovert
18631,Extrovert
18632,Extrovert
18633,Extrovert
18634,Extrovert
18635,Extrovert
18636,Extrovert
18637,Extrovert
18638,Introvert
18639,Extrovert
18640,Extrovert
18641,Extrovert
18642,Extrovert
18643,Introvert
18644,Extrovert
18645,Introvert
18646,Introvert
18647,Introvert
18648,Introvert
18649,Extrovert
18650,Extrovert
18651,Extrovert
18652,Extrovert
18653,Extrovert
18654,Introvert
18655,Extrovert
18656,Extrovert
18657,Extrovert
18658,Extrovert
18659,Extrovert
18660,Extrovert
18661,Extrovert
18662,Extrovert
18663,Extrovert
18664,Extrovert
18665,Extrovert
18666,Extrovert
18667,Extrovert
18668,Extrovert
18669,Extrovert
18670,Extrovert
18671,Introvert
18672,Extrovert
18673,Introvert
18674,Introvert
18675,Introvert
18676,Introvert
18677,Extrovert
18678,Extrovert
18679,Introvert
18680,Introvert
18681,Extrovert
18682,
18683,Introvert
18684,Extrovert
18685,Extrovert
18686,Extrovert
18687,Introvert
18688,Extrovert
18689,
18690,Extrovert
18691,Extrovert
18692,
18693,Introvert
18694,Extrovert
18695,Extrovert
18696,Extrovert
18697,Extrovert
18698,Extrovert
18699,Extrovert
18700,Extrovert
18701,Extrovert
18702,Extrovert
18703,Introvert
18704,Introvert
18705,Extrovert
18706,Introvert
18707,Extrovert
18708,Extrovert
18709,Extrovert
18710,Extrovert
18711,Introvert
18712,Extrovert
18713,Introvert
18714,Introvert
18715,Extrovert
18716,Extrovert
18717,Extrovert
18718,Extrovert
18719,Extrovert
18720,Extrovert
18721,Extrovert
18722,Extrovert
18723,Extrovert
18724,
18725,
18726,Extrovert
18727,Extrovert
18728,Extrovert
18729,Introvert
18730,Extrovert
18731,Extrovert
18732,Extrovert
18733,Extrovert
18734,Introvert
18735,Introvert
18736,Extrovert
18737,Introvert
18738,Introvert
18739,Extrovert
18740,Introvert
18741,
18742,Extrovert
18743,Extrovert
18744,Introvert
18745,Extrovert
18746,Extrovert
18747,Extrovert
18748,Extrovert
18749,Extrovert
18750,Extrovert
18751,Extrovert
18752,Extrovert
18753,
18754,Extrovert
18755,Extrovert
18756,Introvert
18757,Extrovert
18758,
18759,Extrovert
18760,Introvert
18761,Extrovert
18762,Introvert
18763,Introvert
18764,Extrovert
18765,Introvert
18766,Extrovert
18767,Extrovert
18768,Extrovert
18769,Introvert
18770,Extrovert
18771,Extrovert
18772,Extrovert
18773,Introvert
18774,Extrovert
18775,Extrovert
18776,Introvert
18777,Extrovert
18778,Extrovert
18779,Extrovert
18780,Extrovert
18781,Extrovert
18782,Extrovert
18783,Introvert
18784,
18785,Extrovert
18786,
18787,
18788,Extrovert
18789,Introvert
18790,Extrovert
18791,Introvert
18792,Introvert
18793,Extrovert
18794,Extrovert
18795,Introvert
18796,Introvert
18797,Extrovert
18798,Extrovert
18799,Extrovert
18800,Introvert
18801,Introvert
18802,Extrovert
18803,Introvert
18804,Extrovert
18805,Extrovert
18806,Extrovert
18807,Introvert
18808,
18809,Introvert
18810,Extrovert
18811,Extrovert
18812,Introvert
18813,Introvert
18814,Extrovert
18815,Extrovert
18816,Extrovert
18817,Introvert
18818,Introvert
18819,Introvert
18820,Extrovert
18821,Extrovert
18822,Extrovert
18823,Extrovert
18824,Extrovert
18825,Extrovert
18826,
18827,Extrovert
18828,Introvert
18829,Extrovert
18830,Extrovert
18831,
18832,Extrovert
18833,Introvert
18834,Extrovert
18835,Extrovert
18836,Introvert
18837,Introvert
18838,Extrovert
18839,Extrovert
18840,Extrovert
18841,Introvert
18842,Extrovert
18843,Introvert
18844,Introvert
18845,
18846,Introvert
18847,Introvert
18848,Extrovert
18849,Extrovert
18850,Extrovert
18851,Extrovert
18852,Extrovert
18853,Extrovert
18854,Introvert
18855,Extrovert
18856,Extrovert
18857,Extrovert
18858,Extrovert
18859,Extrovert
18860,Extrovert
18861,Extrovert
18862,Introvert
18863,Extrovert
18864,Extrovert
18865,Extrovert
18866,Extrovert
18867,Extrovert
18868,Extrovert
18869,Extrovert
18870,
18871,Extrovert
18872,Extrovert
18873,Extrovert
18874,Extrovert
18875,Extrovert
18876,Extrovert
18877,Extrovert
18878,Extrovert
18879,Extrovert
18880,Extrovert
18881,Extrovert
18882,Extrovert
18883,Extrovert
18884,Introvert
18885,Extrovert
18886,Extrovert
18887,Introvert
18888,Extrovert
18889,Extrovert
18890,Extrovert
18891,Extrovert
18892,Introvert
18893,
18894,
18895,Extrovert
18896,Introvert
18897,Introvert
18898,Extrovert
18899,Introvert
18900,Extrovert
18901,Extrovert
18902,Extrovert
18903,Extrovert
18904,
18905,Extrovert
18906,Extrovert
18907,Extrovert
18908,Introvert
18909,Extrovert
18910,Introvert
18911,Extrovert
18912,Introvert
18913,Extrovert
18914,Extrovert
18915,Extrovert
18916,Introvert
18917,Extrovert
18918,Extrovert
18919,Extrovert
18920,Introvert
18921,Extrovert
18922,Extrovert
18923,Extrovert
18924,Extrovert
18925,Extrovert
18926,Introvert
18927,
18928,Extrovert
18929,Extrovert
18930,Extrovert
18931,Introvert
18932,Extrovert
18933,Extrovert
18934,Extrovert
18935,Extrovert
18936,Extrovert
18937,Extrovert
18938,Extrovert
18939,Extrovert
18940,Extrovert
18941,Extrovert
18942,Introvert
18943,Extrovert
18944,Extrovert
18945,Extrovert
18946,
18947,Extrovert
18948,Extrovert
18949,Extrovert
18950,Introvert
18951,Extrovert
18952,Extrovert
18953,Extrovert
18954,Extrovert
18955,Extrovert
18956,
18957,Extrovert
18958,Introvert
18959,Extrovert
18960,Extrovert
18961,Extrovert
18962,Introvert
18963,Extrovert
18964,Extrovert
18965,Extrovert
18966,Introvert
18967,Extrovert
18968,Extrovert
18969,Extrovert
18970,Extrovert
18971,Extrovert
18972,Extrovert
18973,Introvert
18974,Extrovert
18975,Extrovert
18976,Introvert
18977,Extrovert
18978,Extrovert
18979,Extrovert
18980,Extrovert
18981,Introvert
18982,Extrovert
18983,Extrovert
18984,Extrovert
18985,Extrovert
18986,Introvert
18987,Extrovert
18988,Introvert
18989,Extrovert
18990,Extrovert
18991,Extrovert
18992,
18993,Extrovert
18994,Introvert
18995,
18996,Introvert
18997,Extrovert
18998,Extrovert
18999,Extrovert
19000,Extrovert
19001,Extrovert
19002,Extrovert
19003,Extrovert
19004,Introvert
19005,Extrovert
19006,Extrovert
19007,Extrovert
19008,Extrovert
19009,Extrovert
19010,Extrovert
19011,Introvert
19012,Extrovert
19013,Extrovert
19014,
19015,Introvert
19016,Extrovert
19017,Introvert
19018,Extrovert
19019,
19020,Introvert
19021,Extrovert
19022,Introvert
19023,Extrovert
19024,Extrovert
19025,Introvert
19026,Extrovert
19027,Extrovert
19028,Extrovert
19029,Extrovert
19030,Extrovert
19031,Introvert
19032,Extrovert
19033,Extrovert
19034,Extrovert
19035,Introvert
19036,Extrovert
19037,Extrovert
19038,
19039,Extrovert
19040,Extrovert
19041,Extrovert
19042,Extrovert
19043,Extrovert
19044,Introvert
19045,Extrovert
19046,Extrovert
19047,Extrovert
19048,Extrovert
19049,Extrovert
19050,Extrovert
19051,Extrovert
19052,Introvert
19053,Introvert
19054,Extrovert
19055,Extrovert
19056,Extrovert
19057,Extrovert
19058,Extrovert
19059,Extrovert
19060,Introvert
19061,Extrovert
19062,Extrovert
19063,Extrovert
19064,
19065,Introvert
19066,Extrovert
19067,Extrovert
19068,
19069,Introvert
19070,Introvert
19071,Introvert
19072,
19073,
19074,Extrovert
19075,Introvert
19076,Extrovert
19077,Extrovert
19078,Extrovert
19079,Extrovert
19080,Introvert
19081,
19082,Extrovert
19083,Extrovert
19084,Introvert
19085,Introvert
19086,Extrovert
19087,Extrovert
19088,Introvert
19089,Introvert
19090,Extrovert
19091,Extrovert
19092,Extrovert
19093,Extrovert
19094,Extrovert
19095,Extrovert
19096,Extrovert
19097,Extrovert
19098,Extrovert
19099,Extrovert
19100,Introvert
19101,
19102,Extrovert
19103,Introvert
19104,Extrovert
19105,Extrovert
19106,Introvert
19107,Introvert
19108,Extrovert
19109,Extrovert
19110,Introvert
19111,Extrovert
19112,Extrovert
19113,Extrovert
19114,Extrovert
19115,
19116,Extrovert
19117,Extrovert
19118,Extrovert
19119,Extrovert
19120,Extrovert
19121,Introvert
19122,Extrovert
19123,Extrovert
19124,Extrovert
19125,Extrovert
19126,Extrovert
19127,Extrovert
19128,Extrovert
19129,Extrovert
19130,Extrovert
19131,Introvert
19132,Extrovert
19133,Extrovert
19134,Extrovert
19135,Extrovert
19136,Extrovert
19137,Extrovert
19138,
19139,Extrovert
19140,Extrovert
19141,Extrovert
19142,
19143,Extrovert
19144,Extrovert
19145,Introvert
19146,Extrovert
19147,Extrovert
19148,Extrovert
19149,Extrovert
19150,Introvert
19151,Extrovert
19152,
19153,
19154,Extrovert
19155,Extrovert
19156,Introvert
19157,Extrovert
19158,Extrovert
19159,Introvert
19160,Extrovert
19161,Extrovert
19162,Introvert
19163,Extrovert
19164,Extrovert
19165,Extrovert
19166,Extrovert
19167,Extrovert
19168,Extrovert
19169,Extrovert
19170,Extrovert
19171,Extrovert
19172,Extrovert
19173,Extrovert
19174,Introvert
19175,Extrovert
19176,Extrovert
19177,Extrovert
19178,Extrovert
19179,Extrovert
19180,Extrovert
19181,Introvert
19182,Extrovert
19183,Extrovert
19184,Introvert
19185,Introvert
19186,Extrovert
19187,Extrovert
19188,Extrovert
19189,Introvert
19190,Extrovert
19191,Extrovert
19192,Extrovert
19193,Extrovert
19194,Extrovert
19195,Extrovert
19196,Extrovert
19197,Extrovert
19198,Extrovert
19199,Extrovert
19200,Extrovert
19201,
19202,Extrovert
19203,Introvert
19204,Extrovert
19205,Introvert
19206,Extrovert
19207,Introvert
19208,Extrovert
19209,Extrovert
19210,Extrovert
19211,Extrovert
19212,Introvert
19213,Extrovert
19214,
19215,Introvert
19216,Extrovert
19217,Extrovert
19218,Extrovert
19219,Extrovert
19220,Extrovert
19221,Extrovert
19222,Extrovert
19223,Introvert
19224,
19225,Extrovert
19226,Introvert
19227,Introvert
19228,
19229,Introvert
19230,Extrovert
19231,Extrovert
19232,Extrovert
19233,Extrovert
19234,Extrovert
19235,Extrovert
19236,Extrovert
19237,Introvert
19238,Extrovert
19239,Introvert
19240,Extrovert
19241,Introvert
19242,Introvert
19243,Extrovert
19244,Extrovert
19245,Extrovert
19246,Introvert
19247,Extrovert
19248,Extrovert
19249,Extrovert
19250,Extrovert
19251,Extrovert
19252,Extrovert
19253,Extrovert
19254,Introvert
19255,Extrovert
19256,Extrovert
19257,Introvert
19258,Extrovert
19259,Extrovert
19260,Extrovert
19261,Extrovert
19262,Introvert
19263,Extrovert
19264,Extrovert
19265,Extrovert
19266,Extrovert
19267,Extrovert
19268,
19269,Extrovert
19270,Introvert
19271,Introvert
19272,Extrovert
19273,Introvert
19274,Extrovert
19275,Extrovert
19276,Extrovert
19277,Extrovert
19278,Extrovert
19279,Extrovert
19280,Extrovert
19281,Extrovert
19282,Extrovert
19283,Extrovert
19284,Extrovert
19285,Extrovert
19286,Introvert
19287,Extrovert
19288,Extrovert
19289,
19290,Extrovert
19291,Extrovert
19292,Extrovert
19293,Extrovert
19294,Extrovert
19295,Extrovert
19296,Extrovert
19297,Extrovert
19298,Extrovert
19299,Introvert
19300,Extrovert
19301,Extrovert
19302,Extrovert
19303,Extrovert
19304,Extrovert
19305,Introvert
19306,Extrovert
19307,Extrovert
19308,Introvert
19309,Extrovert
19310,Extrovert
19311,Introvert
19312,Extrovert
19313,Extrovert
19314,Extrovert
19315,Extrovert
19316,Extrovert
19317,Introvert
19318,Introvert
19319,Extrovert
19320,Introvert
19321,Extrovert
19322,Extrovert
19323,Extrovert
19324,Introvert
19325,Extrovert
19326,Introvert
19327,Extrovert
19328,Extrovert
19329,Extrovert
19330,Extrovert
19331,Extrovert
19332,Extrovert
19333,Introvert
19334,Extrovert
19335,Extrovert
19336,Introvert
19337,Introvert
19338,Extrovert
19339,Extrovert
19340,
19341,Extrovert
19342,Introvert
19343,Introvert
19344,Extrovert
19345,Introvert
19346,Extrovert
19347,Introvert
19348,Extrovert
19349,Extrovert
19350,Introvert
19351,Introvert
19352,Extrovert
19353,Extrovert
19354,Introvert
19355,Introvert
19356,Extrovert
19357,Extrovert
19358,Extrovert
19359,Extrovert
19360,Extrovert
19361,Extrovert
19362,Introvert
19363,Extrovert
19364,Extrovert
19365,Introvert
19366,Extrovert
19367,Extrovert
19368,Extrovert
19369,Extrovert
19370,Introvert
19371,Introvert
19372,Extrovert
19373,Introvert
19374,Extrovert
19375,Extrovert
19376,Introvert
19377,Extrovert
19378,Extrovert
19379,Extrovert
19380,Introvert
19381,Introvert
19382,Introvert
19383,Introvert
19384,Extrovert
19385,Introvert
19386,Extrovert
19387,Extrovert
19388,Extrovert
19389,Extrovert
19390,Extrovert
19391,Extrovert
19392,Introvert
19393,Extrovert
19394,Extrovert
19395,Extrovert
19396,Extrovert
19397,Extrovert
19398,Extrovert
19399,Extrovert
19400,Extrovert
19401,Introvert
19402,Extrovert
19403,Extrovert
19404,Extrovert
19405,Extrovert
19406,Extrovert
19407,Extrovert
19408,Extrovert
19409,Introvert
19410,Extrovert
19411,Extrovert
19412,Extrovert
19413,Extrovert
19414,
19415,Extrovert
19416,Extrovert
19417,Extrovert
19418,Extrovert
19419,Extrovert
19420,Extrovert
19421,Extrovert
19422,Extrovert
19423,Extrovert
19424,Extrovert
19425,Extrovert
19426,Introvert
19427,Extrovert
19428,Extrovert
19429,Extrovert
19430,Extrovert
19431,Extrovert
19432,Extrovert
19433,Introvert
19434,Introvert
19435,Extrovert
19436,
19437,
19438,Extrovert
19439,Extrovert
19440,Introvert
19441,Extrovert
19442,Extrovert
19443,Extrovert
19444,Extrovert
19445,Extrovert
19446,Extrovert
19447,Extrovert
19448,Extrovert
19449,Extrovert
19450,Extrovert
19451,Introvert
19452,Introvert
19453,Introvert
19454,Introvert
19455,Extrovert
19456,Introvert
19457,Extrovert
19458,Extrovert
19459,Extrovert
19460,Introvert
19461,Extrovert
19462,Extrovert
19463,Extrovert
19464,Extrovert
19465,Extrovert
19466,Extrovert
19467,Extrovert
19468,Extrovert
19469,Extrovert
19470,Extrovert
19471,Extrovert
19472,Extrovert
19473,Introvert
19474,Introvert
19475,Extrovert
19476,Extrovert
19477,Extrovert
19478,Extrovert
19479,Extrovert
19480,Extrovert
19481,Extrovert
19482,Extrovert
19483,Extrovert
19484,Extrovert
19485,Extrovert
19486,Extrovert
19487,Extrovert
19488,Introvert
19489,Introvert
19490,Extrovert
19491,
19492,Extrovert
19493,Introvert
19494,Extrovert
19495,Extrovert
19496,Introvert
19497,Extrovert
19498,Extrovert
19499,Extrovert
19500,Extrovert
19501,Extrovert
19502,Extrovert
19503,Extrovert
19504,Extrovert
19505,Introvert
19506,Extrovert
19507,Extrovert
19508,Introvert
19509,Extrovert
19510,Extrovert
19511,Extrovert
19512,Extrovert
19513,Introvert
19514,Introvert
19515,Extrovert
19516,Extrovert
19517,Extrovert
19518,
19519,Extrovert
19520,Introvert
19521,Extrovert
19522,Introvert
19523,Extrovert
19524,Extrovert
19525,Extrovert
19526,Extrovert
19527,Extrovert
19528,Extrovert
19529,Introvert
19530,Extrovert
19531,Introvert
19532,Extrovert
19533,Extrovert
19534,Extrovert
19535,Extrovert
19536,Extrovert
19537,Extrovert
19538,Extrovert
19539,Introvert
19540,Extrovert
19541,Extrovert
19542,Extrovert
19543,Extrovert
19544,Extrovert
19545,
19546,Extrovert
19547,Extrovert
19548,Extrovert
19549,Extrovert
19550,Introvert
19551,Extrovert
19552,Introvert
19553,Extrovert
19554,Extrovert
19555,Introvert
19556,Introvert
19557,Introvert
19558,
19559,Extrovert
19560,Introvert
19561,Extrovert
19562,Extrovert
19563,Introvert
19564,Introvert
19565,Extrovert
19566,Extrovert
19567,Extrovert
19568,Introvert
19569,Extrovert
19570,Extrovert
19571,Extrovert
19572,Extrovert
19573,Extrovert
19574,Extrovert
19575,Extrovert
19576,
19577,Introvert
19578,Extrovert
19579,Extrovert
19580,Extrovert
19581,
19582,Extrovert
19583,Extrovert
19584,
19585,Introvert
19586,Extrovert
19587,Extrovert
19588,Extrovert
19589,Extrovert
19590,Extrovert
19591,Extrovert
19592,Extrovert
19593,Extrovert
19594,Extrovert
19595,Extrovert
19596,Extrovert
19597,Extrovert
19598,Extrovert
19599,Extrovert
19600,Extrovert
19601,Extrovert
19602,Extrovert
19603,Extrovert
19604,
19605,Extrovert
19606,Extrovert
19607,Extrovert
19608,Introvert
19609,Extrovert
19610,Extrovert
19611,Extrovert
19612,Extrovert
19613,Extrovert
19614,Extrovert
19615,Introvert
19616,Extrovert
19617,
19618,Extrovert
19619,Extrovert
19620,Extrovert
19621,Extrovert
19622,Extrovert
19623,Extrovert
19624,Extrovert
19625,Introvert
19626,Extrovert
19627,Extrovert
19628,Extrovert
19629,Extrovert
19630,Extrovert
19631,Extrovert
19632,Extrovert
19633,Introvert
19634,Introvert
19635,Extrovert
19636,Extrovert
19637,Extrovert
19638,Extrovert
19639,Extrovert
19640,Extrovert
19641,Extrovert
19642,Introvert
19643,Introvert
19644,Extrovert
19645,Extrovert
19646,Extrovert
19647,Introvert
19648,Extrovert
19649,Extrovert
19650,
19651,Extrovert
19652,Extrovert
19653,Extrovert
19654,Extrovert
19655,Extrovert
19656,Extrovert
19657,Extrovert
19658,Extrovert
19659,Extrovert
19660,Extrovert
19661,Extrovert
19662,Extrovert
19663,Introvert
19664,Extrovert
19665,Extrovert
19666,Extrovert
19667,Introvert
19668,Introvert
19669,Extrovert
19670,Introvert
19671,Extrovert
19672,Extrovert
19673,Extrovert
19674,Introvert
19675,Extrovert
19676,Extrovert
19677,Extrovert
19678,Extrovert
19679,Introvert
19680,Extrovert
19681,Extrovert
19682,Extrovert
19683,Extrovert
19684,Extrovert
19685,Extrovert
19686,Extrovert
19687,Extrovert
19688,Introvert
19689,Extrovert
19690,Introvert
19691,Extrovert
19692,Extrovert
19693,Extrovert
19694,Extrovert
19695,Introvert
19696,Introvert
19697,Extrovert
19698,
19699,Extrovert
19700,Extrovert
19701,Extrovert
19702,Extrovert
19703,Introvert
19704,Extrovert
19705,Extrovert
19706,Extrovert
19707,Extrovert
19708,Extrovert
19709,Extrovert
19710,Extrovert
19711,Introvert
19712,Extrovert
19713,Extrovert
19714,Extrovert
19715,Extrovert
19716,Extrovert
19717,Introvert
19718,Extrovert
19719,Extrovert
19720,Extrovert
19721,
19722,Extrovert
19723,Introvert
19724,Extrovert
19725,Extrovert
19726,Introvert
19727,Extrovert
19728,Extrovert
19729,Introvert
19730,Extrovert
19731,Extrovert
19732,Extrovert
19733,Introvert
19734,Extrovert
19735,Introvert
19736,Extrovert
19737,Extrovert
19738,Introvert
19739,Introvert
19740,Extrovert
19741,Extrovert
19742,Extrovert
19743,Extrovert
19744,Extrovert
19745,Introvert
19746,Extrovert
19747,Extrovert
19748,Extrovert
19749,Extrovert
19750,Extrovert
19751,Extrovert
19752,Extrovert
19753,Extrovert
19754,Extrovert
19755,Introvert
19756,Extrovert
19757,Introvert
19758,Introvert
19759,Introvert
19760,Introvert
19761,Extrovert
19762,Extrovert
19763,Extrovert
19764,Introvert
19765,Introvert
19766,Extrovert
19767,Extrovert
19768,Extrovert
19769,Extrovert
19770,Extrovert
19771,Extrovert
19772,Introvert
19773,Extrovert
19774,Introvert
19775,Extrovert
19776,Extrovert
19777,Introvert
19778,Extrovert
19779,
19780,Extrovert
19781,Extrovert
19782,Introvert
19783,Extrovert
19784,Introvert
19785,Extrovert
19786,Extrovert
19787,Extrovert
19788,Extrovert
19789,Extrovert
19790,Extrovert
19791,Extrovert
19792,Extrovert
19793,Extrovert
19794,Extrovert
19795,Introvert
19796,Extrovert
19797,Extrovert
19798,Introvert
19799,Extrovert
19800,Introvert
19801,Introvert
19802,Introvert
19803,Extrovert
19804,Extrovert
19805,Introvert
19806,
19807,Extrovert
19808,Extrovert
19809,Extrovert
19810,Extrovert
19811,Extrovert
19812,Extrovert
19813,Extrovert
19814,Introvert
19815,Extrovert
19816,Introvert
19817,Introvert
19818,Extrovert
19819,Extrovert
19820,Introvert
19821,Extrovert
19822,Extrovert
19823,Extrovert
19824,Introvert
19825,Extrovert
19826,
19827,Introvert
19828,Extrovert
19829,Introvert
19830,Extrovert
19831,Extrovert
19832,Extrovert
19833,Introvert
19834,Introvert
19835,Extrovert
19836,Extrovert
19837,
19838,
19839,
19840,Extrovert
19841,Extrovert
19842,Extrovert
19843,Introvert
19844,Extrovert
19845,Introvert
19846,Introvert
19847,Extrovert
19848,Extrovert
19849,Introvert
19850,Extrovert
19851,Extrovert
19852,Extrovert
19853,Introvert
19854,Extrovert
19855,Extrovert
19856,Extrovert
19857,Extrovert
19858,Introvert
19859,Extrovert
19860,
19861,Extrovert
19862,Extrovert
19863,Extrovert
19864,Introvert
19865,Introvert
19866,Extrovert
19867,Extrovert
19868,Extrovert
19869,
19870,Extrovert
19871,Extrovert
19872,Extrovert
19873,Extrovert
19874,Extrovert
19875,Extrovert
19876,Extrovert
19877,Extrovert
19878,Extrovert
19879,Introvert
19880,Introvert
19881,Extrovert
19882,Extrovert
19883,Extrovert
19884,Extrovert
19885,
19886,Introvert
19887,Introvert
19888,Introvert
19889,Extrovert
19890,Extrovert
19891,Introvert
19892,Extrovert
19893,Extrovert
19894,Extrovert
19895,Extrovert
19896,Extrovert
19897,Extrovert
19898,Introvert
19899,Extrovert
19900,
19901,
19902,Introvert
19903,Extrovert
19904,Introvert
19905,Extrovert
19906,Introvert
19907,Extrovert
19908,Extrovert
19909,Extrovert
19910,Extrovert
19911,Extrovert
19912,Extrovert
19913,Extrovert
19914,Introvert
19915,Extrovert
19916,Extrovert
19917,Extrovert
19918,Extrovert
19919,Extrovert
19920,Extrovert
19921,Extrovert
19922,Extrovert
19923,Extrovert
19924,Extrovert
19925,Extrovert
19926,Extrovert
19927,Extrovert
19928,Extrovert
19929,Introvert
19930,Extrovert
19931,Extrovert
19932,Extrovert
19933,Introvert
19934,Extrovert
19935,Extrovert
19936,Introvert
19937,Extrovert
19938,Extrovert
19939,Introvert
19940,Extrovert
19941,Extrovert
19942,Introvert
19943,Extrovert
19944,Introvert
19945,Extrovert
19946,Extrovert
19947,Extrovert
19948,Extrovert
19949,Introvert
19950,Extrovert
19951,Extrovert
19952,Extrovert
19953,Extrovert
19954,Introvert
19955,Introvert
19956,Extrovert
19957,Extrovert
19958,Extrovert
19959,Introvert
19960,Extrovert
19961,Extrovert
19962,Introvert
19963,Extrovert
19964,
19965,Introvert
19966,Extrovert
19967,Introvert
19968,Extrovert
19969,Extrovert
19970,Extrovert
19971,Extrovert
19972,Extrovert
19973,Extrovert
19974,Introvert
19975,Introvert
19976,Introvert
19977,Introvert
19978,Introvert
19979,Introvert
19980,
19981,Extrovert
19982,Extrovert
19983,Extrovert
19984,Introvert
19985,Extrovert
19986,Extrovert
19987,Introvert
19988,Extrovert
19989,
19990,Introvert
19991,Extrovert
19992,Extrovert
19993,Extrovert
19994,Extrovert
19995,Introvert
19996,Introvert
19997,Extrovert
19998,Extrovert
19999,
20000,Introvert
20001,Extrovert
20002,Extrovert
20003,Introvert
20004,Introvert
20005,Extrovert
20006,Extrovert
20007,Extrovert
20008,Introvert
20009,Introvert
20010,Extrovert
20011,Extrovert
20012,Extrovert
20013,Extrovert
20014,Extrovert
20015,Introvert
20016,Introvert
20017,Introvert
20018,Extrovert
20019,Extrovert
20020,Extrovert
20021,Extrovert
20022,Extrovert
20023,Introvert
20024,Introvert
20025,Introvert
20026,Extrovert
20027,
20028,Extrovert
20029,Extrovert
20030,Extrovert
20031,Extrovert
20032,Introvert
20033,Extrovert
20034,Extrovert
20035,Introvert
20036,Introvert
20037,Extrovert
20038,Extrovert
20039,Extrovert
20040,
20041,Extrovert
20042,Extrovert
20043,
20044,Extrovert
20045,Extrovert
20046,Introvert
20047,Extrovert
20048,Extrovert
20049,Extrovert
20050,Extrovert
20051,Introvert
20052,Extrovert
20053,
20054,Extrovert
20055,Extrovert
20056,Introvert
20057,Extrovert
20058,Extrovert
20059,Extrovert
20060,Introvert
20061,Extrovert
20062,Extrovert
20063,Extrovert
20064,Extrovert
20065,Extrovert
20066,Extrovert
20067,Extrovert
20068,Extrovert
20069,Introvert
20070,Introvert
20071,Extrovert
20072,Extrovert
20073,Extrovert
20074,Extrovert
20075,Extrovert
20076,Extrovert
20077,Extrovert
20078,Introvert
20079,Extrovert
20080,Extrovert
20081,Extrovert
20082,Introvert
20083,
20084,
20085,Introvert
20086,Extrovert
20087,Extrovert
20088,Extrovert
20089,Extrovert
20090,Extrovert
20091,Extrovert
20092,Extrovert
20093,Extrovert
20094,Extrovert
20095,Extrovert
20096,Extrovert
20097,Extrovert
20098,Extrovert
20099,Extrovert
20100,Introvert
20101,Extrovert
20102,Extrovert
20103,Extrovert
20104,Extrovert
20105,
20106,Extrovert
20107,
20108,Extrovert
20109,Introvert
20110,
20111,
20112,Extrovert
20113,Extrovert
20114,Extrovert
20115,Extrovert
20116,Extrovert
20117,
20118,Extrovert
20119,Extrovert
20120,Introvert
20121,Extrovert
20122,Introvert
20123,Extrovert
20124,Extrovert
20125,Extrovert
20126,Extrovert
20127,Extrovert
20128,Introvert
20129,Extrovert
20130,Extrovert
20131,Extrovert
20132,Extrovert
20133,Extrovert
20134,Extrovert
20135,Extrovert
20136,Extrovert
20137,Extrovert
20138,Introvert
20139,
20140,Extrovert
20141,Extrovert
20142,Extrovert
20143,Extrovert
20144,Extrovert
20145,Extrovert
20146,Extrovert
20147,
20148,Extrovert
20149,Extrovert
20150,Extrovert
20151,Extrovert
20152,Introvert
20153,Extrovert
20154,Introvert
20155,Extrovert
20156,Introvert
20157,Introvert
20158,Extrovert
20159,Extrovert
20160,Extrovert
20161,Extrovert
20162,Extrovert
20163,
20164,Introvert
20165,Extrovert
20166,Extrovert
20167,Introvert
20168,Extrovert
20169,Extrovert
20170,Introvert
20171,Extrovert
20172,Introvert
20173,Extrovert
20174,Extrovert
20175,Introvert
20176,Extrovert
20177,Extrovert
20178,Extrovert
20179,Extrovert
20180,Extrovert
20181,Extrovert
20182,Extrovert
20183,Extrovert
20184,Introvert
20185,Extrovert
20186,Extrovert
20187,Extrovert
20188,Introvert
20189,Extrovert
20190,Introvert
20191,Introvert
20192,Introvert
20193,Introvert
20194,Extrovert
20195,Extrovert
20196,Extrovert
20197,Introvert
20198,Introvert
20199,Extrovert
20200,Introvert
20201,Extrovert
20202,Extrovert
20203,Extrovert
20204,Extrovert
20205,Extrovert
20206,Introvert
20207,Extrovert
20208,Extrovert
20209,Extrovert
20210,Extrovert
20211,Extrovert
20212,Extrovert
20213,Extrovert
20214,Extrovert
20215,Extrovert
20216,Extrovert
20217,Extrovert
20218,Extrovert
20219,Introvert
20220,Extrovert
20221,Extrovert
20222,Extrovert
20223,Extrovert
20224,Extrovert
20225,Extrovert
20226,Introvert
20227,Introvert
20228,Extrovert
20229,Extrovert
20230,Extrovert
20231,Extrovert
20232,Introvert
20233,Introvert
20234,Introvert
20235,
20236,Extrovert
20237,Extrovert
20238,Extrovert
20239,Extrovert
20240,Introvert
20241,Extrovert
20242,Introvert
20243,Extrovert
20244,Extrovert
20245,Extrovert
20246,Extrovert
20247,Extrovert
20248,Extrovert
20249,Introvert
20250,Extrovert
20251,Extrovert
20252,Extrovert
20253,Introvert
20254,Extrovert
20255,Extrovert
20256,
20257,Extrovert
20258,Extrovert
20259,Introvert
20260,Introvert
20261,Extrovert
20262,Extrovert
20263,Extrovert
20264,Extrovert
20265,Extrovert
20266,Extrovert
20267,Introvert
20268,Extrovert
20269,Introvert
20270,Extrovert
20271,Extrovert
20272,Introvert
20273,Introvert
20274,Introvert
20275,Introvert
20276,Extrovert
20277,Extrovert
20278,Extrovert
20279,Extrovert
20280,Extrovert
20281,Introvert
20282,Extrovert
20283,Extrovert
20284,
20285,Introvert
20286,Extrovert
20287,Extrovert
20288,Introvert
20289,Extrovert
20290,Introvert
20291,Extrovert
20292,Extrovert
20293,
20294,Extrovert
20295,Introvert
20296,Extrovert
20297,Extrovert
20298,Introvert
20299,Extrovert
20300,Extrovert
20301,Extrovert
20302,Introvert
20303,Extrovert
20304,Extrovert
20305,Extrovert
20306,Extrovert
20307,Extrovert
20308,Extrovert
20309,Extrovert
20310,Extrovert
20311,Extrovert
20312,Introvert
20313,Extrovert
20314,Introvert
20315,Introvert
20316,Extrovert
20317,Introvert
20318,Extrovert
20319,Extrovert
20320,Introvert
20321,Extrovert
20322,Introvert
20323,Extrovert
20324,Extrovert
20325,Extrovert
20326,Extrovert
20327,Extrovert
20328,Extrovert
20329,Introvert
20330,Extrovert
20331,Extrovert
20332,Extrovert
20333,Extrovert
20334,Extrovert
20335,Extrovert
20336,
20337,Extrovert
20338,Extrovert
20339,Introvert
20340,Extrovert
20341,Extrovert
20342,Introvert
20343,Extrovert
20344,Introvert
20345,Introvert
20346,Extrovert
20347,Extrovert
20348,Extrovert
20349,Extrovert
20350,Introvert
20351,
20352,Extrovert
20353,Extrovert
20354,
20355,Introvert
20356,Extrovert
20357,Extrovert
20358,Introvert
20359,Introvert
20360,Extrovert
20361,Extrovert
20362,Extrovert
20363,Introvert
20364,Introvert
20365,Extrovert
20366,Extrovert
20367,Extrovert
20368,Extrovert
20369,Extrovert
20370,Extrovert
20371,Introvert
20372,Extrovert
20373,Introvert
20374,Extrovert
20375,Introvert
20376,Extrovert
20377,Extrovert
20378,
20379,Extrovert
20380,Extrovert
20381,Extrovert
20382,Extrovert
20383,Extrovert
20384,Extrovert
20385,Introvert
20386,Introvert
20387,Extrovert
20388,Extrovert
20389,Extrovert
20390,
20391,Extrovert
20392,Extrovert
20393,Introvert
20394,Extrovert
20395,Introvert
20396,Extrovert
20397,Introvert
20398,Introvert
20399,Extrovert
20400,Extrovert
20401,Extrovert
20402,Extrovert
20403,Extrovert
20404,Extrovert
20405,Extrovert
20406,Introvert
20407,Extrovert
20408,Introvert
20409,Extrovert
20410,Introvert
20411,Extrovert
20412,Extrovert
20413,Extrovert
20414,Extrovert
20415,Extrovert
20416,Extrovert
20417,Extrovert
20418,Introvert
20419,Extrovert
20420,Introvert
20421,Introvert
20422,Extrovert
20423,Extrovert
20424,Introvert
20425,Introvert
20426,Introvert
20427,Extrovert
20428,Extrovert
20429,Extrovert
20430,Introvert
20431,Extrovert
20432,Introvert
20433,Extrovert
20434,Extrovert
20435,Extrovert
20436,Extrovert
20437,Extrovert
20438,Extrovert
20439,Extrovert
20440,Extrovert
20441,Extrovert
20442,Introvert
20443,Extrovert
20444,Extrovert
20445,Extrovert
20446,Extrovert
20447,Extrovert
20448,Introvert
20449,Extrovert
20450,Extrovert
20451,Extrovert
20452,Introvert
20453,Extrovert
20454,Extrovert
20455,Extrovert
20456,Extrovert
20457,Extrovert
20458,Extrovert
20459,Extrovert
20460,Extrovert
20461,Extrovert
20462,Extrovert
20463,Extrovert
20464,Extrovert
20465,Extrovert
20466,Extrovert
20467,Extrovert
20468,Extrovert
20469,Extrovert
20470,
20471,Introvert
20472,Extrovert
20473,Extrovert
20474,Extrovert
20475,Extrovert
20476,Extrovert
20477,Extrovert
20478,Extrovert
20479,Introvert
20480,Extrovert
20481,Extrovert
20482,Extrovert
20483,Extrovert
20484,Introvert
20485,Extrovert
20486,Extrovert
20487,Extrovert
20488,Extrovert
20489,Extrovert
20490,Extrovert
20491,Extrovert
20492,Extrovert
20493,Extrovert
20494,Extrovert
20495,
20496,Introvert
20497,Introvert
20498,Extrovert
20499,Extrovert
20500,Extrovert
20501,Introvert
20502,Extrovert
20503,Extrovert
20504,Extrovert
20505,Extrovert
20506,Extrovert
20507,Extrovert
20508,Extrovert
20509,Introvert
20510,Extrovert
20511,Extrovert
20512,Extrovert
20513,Extrovert
20514,Extrovert
20515,Introvert
20516,Extrovert
20517,Extrovert
20518,Extrovert
20519,Extrovert
20520,Introvert
20521,Extrovert
20522,Extrovert
20523,Extrovert
20524,Introvert
20525,Introvert
20526,Extrovert
20527,Extrovert
20528,Introvert
20529,Extrovert
20530,Extrovert
20531,Extrovert
20532,Extrovert
20533,Introvert
20534,
20535,Extrovert
20536,Extrovert
20537,Extrovert
20538,Extrovert
20539,Extrovert
20540,Extrovert
20541,Extrovert
20542,Extrovert
20543,Extrovert
20544,Extrovert
20545,Introvert
20546,Introvert
20547,Extrovert
20548,Extrovert
20549,Extrovert
20550,Extrovert
20551,Extrovert
20552,Extrovert
20553,Extrovert
20554,Introvert
20555,Introvert
20556,Extrovert
20557,Introvert
20558,Extrovert
20559,Introvert
20560,Introvert
20561,Extrovert
20562,Extrovert
20563,Extrovert
20564,Extrovert
20565,Extrovert
20566,Introvert
20567,Extrovert
20568,Introvert
20569,Extrovert
20570,Extrovert
20571,Extrovert
20572,Introvert
20573,Introvert
20574,Extrovert
20575,Extrovert
20576,Extrovert
20577,Extrovert
20578,Extrovert
20579,Extrovert
20580,
20581,Extrovert
20582,Extrovert
20583,Extrovert
20584,Extrovert
20585,Extrovert
20586,Introvert
20587,Extrovert
20588,Extrovert
20589,Extrovert
20590,Extrovert
20591,Extrovert
20592,Extrovert
20593,Extrovert
20594,Introvert
20595,Extrovert
20596,Extrovert
20597,Introvert
20598,Extrovert
20599,Extrovert
20600,Extrovert
20601,Extrovert
20602,Introvert
20603,Extrovert
20604,Extrovert
20605,Extrovert
20606,Extrovert
20607,Introvert
20608,Extrovert
20609,Extrovert
20610,Extrovert
20611,Introvert
20612,Extrovert
20613,Extrovert
20614,Extrovert
20615,Extrovert
20616,Extrovert
20617,Extrovert
20618,Extrovert
20619,Extrovert
20620,Extrovert
20621,Introvert
20622,Extrovert
20623,Extrovert
20624,Introvert
20625,Extrovert
20626,Introvert
20627,Extrovert
20628,Extrovert
20629,Extrovert
20630,Extrovert
20631,Extrovert
20632,Extrovert
20633,Extrovert
20634,Extrovert
20635,Extrovert
20636,Extrovert
20637,Extrovert
20638,Extrovert
20639,Extrovert
20640,Extrovert
20641,Extrovert
20642,Extrovert
20643,Introvert
20644,Extrovert
20645,Extrovert
20646,Extrovert
20647,Extrovert
20648,Extrovert
20649,Extrovert
20650,
20651,Extrovert
20652,Extrovert
20653,
20654,Extrovert
20655,Introvert
20656,Extrovert
20657,Extrovert
20658,Extrovert
20659,Extrovert
20660,Introvert
20661,Introvert
20662,Extrovert
20663,Extrovert
20664,Introvert
20665,Extrovert
20666,Extrovert
20667,Introvert
20668,Extrovert
20669,Extrovert
20670,Extrovert
20671,Extrovert
20672,
20673,Extrovert
20674,Extrovert
20675,
20676,Extrovert
20677,Extrovert
20678,Extrovert
20679,Extrovert
20680,Introvert
20681,Extrovert
20682,Introvert
20683,Introvert
20684,
20685,Extrovert
20686,Introvert
20687,Introvert
20688,Extrovert
20689,Extrovert
20690,Introvert
20691,Extrovert
20692,Extrovert
20693,Extrovert
20694,Extrovert
20695,Extrovert
20696,Extrovert
20697,Extrovert
20698,Extrovert
20699,Extrovert
20700,Introvert
20701,Extrovert
20702,Extrovert
20703,Introvert
20704,Introvert
20705,Extrovert
20706,
20707,Extrovert
20708,Extrovert
20709,Introvert
20710,Extrovert
20711,Extrovert
20712,Extrovert
20713,Extrovert
20714,Extrovert
20715,Extrovert
20716,Extrovert
20717,Introvert
20718,Extrovert
20719,Introvert
20720,Extrovert
20721,Introvert
20722,Extrovert
20723,Extrovert
20724,Extrovert
20725,Extrovert
20726,Extrovert
20727,Introvert
20728,Extrovert
20729,Extrovert
20730,Extrovert
20731,Extrovert
20732,Introvert
20733,Extrovert
20734,Extrovert
20735,Introvert
20736,Extrovert
20737,Extrovert
20738,Extrovert
20739,Extrovert
20740,Introvert
20741,Introvert
20742,Extrovert
20743,Extrovert
20744,Extrovert
20745,Extrovert
20746,Extrovert
20747,Extrovert
20748,Extrovert
20749,Extrovert
20750,Extrovert
20751,Extrovert
20752,Extrovert
20753,Extrovert
20754,Extrovert
20755,Extrovert
20756,Introvert
20757,Extrovert
20758,Extrovert
20759,Extrovert
20760,Extrovert
20761,Extrovert
20762,Extrovert
20763,Introvert
20764,Extrovert
20765,Introvert
20766,Extrovert
20767,
20768,Extrovert
20769,Extrovert
20770,Extrovert
20771,Extrovert
20772,Extrovert
20773,Extrovert
20774,
20775,Extrovert
20776,Extrovert
20777,Extrovert
20778,Extrovert
20779,Extrovert
20780,Introvert
20781,Introvert
20782,Introvert
20783,Extrovert
20784,Extrovert
20785,Introvert
20786,Extrovert
20787,Extrovert
20788,Extrovert
20789,Extrovert
20790,Extrovert
20791,Extrovert
20792,Extrovert
20793,Extrovert
20794,Extrovert
20795,Extrovert
20796,Extrovert
20797,Introvert
20798,Extrovert
20799,Extrovert
20800,Extrovert
20801,Extrovert
20802,Extrovert
20803,Extrovert
20804,Introvert
20805,Extrovert
20806,Extrovert
20807,Extrovert
20808,Extrovert
20809,Introvert
20810,Introvert
20811,Extrovert
20812,Introvert
20813,Introvert
20814,Extrovert
20815,
20816,Introvert
20817,Extrovert
20818,Extrovert
20819,Introvert
20820,Extrovert
20821,Introvert
20822,Introvert
20823,Extrovert
20824,Extrovert
20825,Extrovert
20826,Introvert
20827,Extrovert
20828,Extrovert
20829,Extrovert
20830,Introvert
20831,Extrovert
20832,Extrovert
20833,Extrovert
20834,Introvert
20835,
20836,Extrovert
20837,Extrovert
20838,
20839,Introvert
20840,Introvert
20841,Extrovert
20842,Introvert
20843,Extrovert
20844,Extrovert
20845,Extrovert
20846,Extrovert
20847,Extrovert
20848,Extrovert
20849,Extrovert
20850,Introvert
20851,Extrovert
20852,Extrovert
20853,Extrovert
20854,Extrovert
20855,Extrovert
20856,Extrovert
20857,Extrovert
20858,Extrovert
20859,Introvert
20860,Extrovert
20861,Extrovert
20862,Extrovert
20863,Extrovert
20864,Extrovert
20865,Extrovert
20866,Extrovert
20867,Extrovert
20868,Extrovert
20869,Extrovert
20870,Introvert
20871,Extrovert
20872,Extrovert
20873,Extrovert
20874,
20875,Extrovert
20876,Extrovert
20877,Extrovert
20878,Extrovert
20879,Extrovert
20880,Introvert
20881,Extrovert
20882,Introvert
20883,Extrovert
20884,Introvert
20885,Introvert
20886,Introvert
20887,Introvert
20888,Extrovert
20889,Introvert
20890,Extrovert
20891,Extrovert
20892,Extrovert
20893,Extrovert
20894,Extrovert
20895,Extrovert
20896,Extrovert
20897,Extrovert
20898,Extrovert
20899,Introvert
20900,Extrovert
20901,Introvert
20902,Extrovert
20903,Extrovert
20904,Introvert
20905,Extrovert
20906,Extrovert
20907,Extrovert
20908,Extrovert
20909,Extrovert
20910,Extrovert
20911,Extrovert
20912,Extrovert
20913,Introvert
20914,Extrovert
20915,Extrovert
20916,Introvert
20917,Extrovert
20918,Extrovert
20919,Extrovert
20920,Extrovert
20921,Extrovert
20922,Extrovert
20923,Extrovert
20924,Introvert
20925,Extrovert
20926,Introvert
20927,Introvert
20928,Extrovert
20929,Extrovert
20930,Extrovert
20931,Extrovert
20932,Extrovert
20933,Extrovert
20934,Extrovert
20935,Extrovert
20936,Extrovert
20937,Extrovert
20938,Extrovert
20939,Extrovert
20940,Extrovert
20941,Extrovert
20942,Extrovert
20943,Extrovert
20944,Extrovert
20945,Extrovert
20946,Introvert
20947,Introvert
20948,Extrovert
20949,Extrovert
20950,Introvert
20951,Extrovert
20952,Extrovert
20953,Extrovert
20954,Extrovert
20955,Introvert
20956,Extrovert
20957,
20958,Extrovert
20959,Extrovert
20960,Extrovert
20961,Extrovert
20962,Extrovert
20963,Extrovert
20964,Introvert
20965,Extrovert
20966,Extrovert
20967,Introvert
20968,Extrovert
20969,Extrovert
20970,Extrovert
20971,Extrovert
20972,Introvert
20973,Extrovert
20974,Extrovert
20975,Extrovert
20976,Extrovert
20977,Extrovert
20978,Extrovert
20979,Introvert
20980,Introvert
20981,Extrovert
20982,
20983,Extrovert
20984,Introvert
20985,Extrovert
20986,Introvert
20987,Extrovert
20988,Extrovert
20989,Extrovert
20990,Extrovert
20991,Extrovert
20992,Extrovert
20993,Extrovert
20994,Introvert
20995,Introvert
20996,Extrovert
20997,Extrovert
20998,
20999,
21000,Extrovert
21001,Extrovert
21002,Extrovert
21003,Extrovert
21004,Extrovert
21005,Extrovert
21006,Introvert
21007,
21008,Extrovert
21009,Extrovert
21010,Introvert
21011,Extrovert
21012,Extrovert
21013,Extrovert
21014,Extrovert
21015,Extrovert
21016,Extrovert
21017,Extrovert
21018,Extrovert
21019,Extrovert
21020,Extrovert
21021,Extrovert
21022,Extrovert
21023,Extrovert
21024,Extrovert
21025,Extrovert
21026,Extrovert
21027,Extrovert
21028,Extrovert
21029,Extrovert
21030,Introvert
21031,Extrovert
21032,Extrovert
21033,Extrovert
21034,Introvert
21035,Introvert
21036,Extrovert
21037,Extrovert
21038,Introvert
21039,Extrovert
21040,Extrovert
21041,Extrovert
21042,Extrovert
21043,Introvert
21044,Extrovert
21045,Introvert
21046,Introvert
21047,Extrovert
21048,Introvert
21049,Extrovert
21050,Introvert
21051,Extrovert
21052,Extrovert
21053,Extrovert
21054,Introvert
21055,Extrovert
21056,Introvert
21057,Extrovert
21058,Extrovert
21059,Extrovert
21060,Extrovert
21061,Introvert
21062,Extrovert
21063,Extrovert
21064,Extrovert
21065,Extrovert
21066,Extrovert
21067,Extrovert
21068,Extrovert
21069,Extrovert
21070,Introvert
21071,Introvert
21072,Extrovert
21073,Extrovert
21074,Extrovert
21075,Introvert
21076,Introvert
21077,Extrovert
21078,Extrovert
21079,Extrovert
21080,Extrovert
21081,Introvert
21082,Extrovert
21083,Introvert
21084,Introvert
21085,Extrovert
21086,Extrovert
21087,Introvert
21088,Extrovert
21089,Extrovert
21090,Introvert
21091,Extrovert
21092,Extrovert
21093,Extrovert
21094,Extrovert
21095,Extrovert
21096,Extrovert
21097,Introvert
21098,Extrovert
21099,
21100,Extrovert
21101,Extrovert
21102,Extrovert
21103,Extrovert
21104,Extrovert
21105,Extrovert
21106,Extrovert
21107,Introvert
21108,Introvert
21109,Extrovert
21110,Extrovert
21111,Extrovert
21112,Extrovert
21113,Extrovert
21114,Extrovert
21115,Extrovert
21116,Extrovert
21117,Extrovert
21118,Extrovert
21119,Extrovert
21120,Extrovert
21121,Introvert
21122,Extrovert
21123,Introvert
21124,Extrovert
21125,
21126,Extrovert
21127,Extrovert
21128,Introvert
21129,Extrovert
21130,Extrovert
21131,Extrovert
21132,Extrovert
21133,Extrovert
21134,Extrovert
21135,Extrovert
21136,Extrovert
21137,Extrovert
21138,Extrovert
21139,Extrovert
21140,Extrovert
21141,Extrovert
21142,Extrovert
21143,Extrovert
21144,Extrovert
21145,Introvert
21146,Extrovert
21147,Extrovert
21148,Extrovert
21149,Extrovert
21150,Introvert
21151,Extrovert
21152,Extrovert
21153,Extrovert
21154,Extrovert
21155,Extrovert
21156,Extrovert
21157,Introvert
21158,Introvert
21159,Extrovert
21160,Introvert
21161,Extrovert
21162,Extrovert
21163,Extrovert
21164,Extrovert
21165,Extrovert
21166,Extrovert
21167,Introvert
21168,Extrovert
21169,Extrovert
21170,Extrovert
21171,Introvert
21172,Extrovert
21173,Extrovert
21174,Extrovert
21175,
21176,Extrovert
21177,Introvert
21178,Extrovert
21179,Extrovert
21180,Extrovert
21181,Extrovert
21182,Introvert
21183,Extrovert
21184,Extrovert
21185,Introvert
21186,Extrovert
21187,Extrovert
21188,Extrovert
21189,Extrovert
21190,Extrovert
21191,Extrovert
21192,Extrovert
21193,Introvert
21194,Extrovert
21195,Extrovert
21196,Introvert
21197,Introvert
21198,Introvert
21199,Extrovert
21200,Extrovert
21201,Extrovert
21202,
21203,Extrovert
21204,Extrovert
21205,Extrovert
21206,Introvert
21207,Introvert
21208,Extrovert
21209,Introvert
21210,Extrovert
21211,Extrovert
21212,Extrovert
21213,Extrovert
21214,Extrovert
21215,Extrovert
21216,Introvert
21217,Extrovert
21218,Introvert
21219,Introvert
21220,Extrovert
21221,Extrovert
21222,Extrovert
21223,Extrovert
21224,Introvert
21225,Extrovert
21226,Extrovert
21227,Extrovert
21228,Extrovert
21229,Extrovert
21230,Introvert
21231,Extrovert
21232,Extrovert
21233,Extrovert
21234,Extrovert
21235,Extrovert
21236,Extrovert
21237,Extrovert
21238,Extrovert
21239,Extrovert
21240,Introvert
21241,Extrovert
21242,Extrovert
21243,Extrovert
21244,Extrovert
21245,Extrovert
21246,
21247,Extrovert
21248,Extrovert
21249,Extrovert
21250,Extrovert
21251,Extrovert
21252,Extrovert
21253,Extrovert
21254,Extrovert
21255,Introvert
21256,
21257,Extrovert
21258,Introvert
21259,Extrovert
21260,Extrovert
21261,Extrovert
21262,
21263,Extrovert
21264,Extrovert
21265,Extrovert
21266,Introvert
21267,Extrovert
21268,Extrovert
21269,Extrovert
21270,Introvert
21271,Extrovert
21272,Extrovert
21273,Introvert
21274,Extrovert
21275,Extrovert
21276,Introvert
21277,Extrovert
21278,Extrovert
21279,Extrovert
21280,Extrovert
21281,Extrovert
21282,Introvert
21283,Extrovert
21284,Introvert
21285,Extrovert
21286,Extrovert
21287,Introvert
21288,Introvert
21289,Extrovert
21290,Extrovert
21291,Extrovert
21292,Extrovert
21293,Introvert
21294,Introvert
21295,Extrovert
21296,Extrovert
21297,Extrovert
21298,Extrovert
21299,Extrovert
21300,Extrovert
21301,Extrovert
21302,Introvert
21303,Extrovert
21304,Extrovert
21305,Extrovert
21306,Extrovert
21307,Extrovert
21308,Introvert
21309,Extrovert
21310,Extrovert
21311,Introvert
21312,Extrovert
21313,Extrovert
21314,Extrovert
21315,Extrovert
21316,Extrovert
21317,Extrovert
21318,Extrovert
21319,Introvert
21320,Extrovert
21321,Extrovert
21322,Introvert
21323,Extrovert
21324,Extrovert
21325,Introvert
21326,Extrovert
21327,Extrovert
21328,Extrovert
21329,Extrovert
21330,Extrovert
21331,Extrovert
21332,Introvert
21333,
21334,Extrovert
21335,Extrovert
21336,Extrovert
21337,Introvert
21338,Extrovert
21339,Extrovert
21340,
21341,Extrovert
21342,Introvert
21343,Extrovert
21344,Extrovert
21345,Extrovert
21346,Extrovert
21347,Extrovert
21348,Extrovert
21349,Extrovert
21350,Extrovert
21351,Extrovert
21352,Extrovert
21353,Introvert
21354,Extrovert
21355,Extrovert
21356,Extrovert
21357,Extrovert
21358,Introvert
21359,Extrovert
21360,Introvert
21361,Extrovert
21362,Extrovert
21363,
21364,Extrovert
21365,
21366,Introvert
21367,Extrovert
21368,Introvert
21369,Introvert
21370,Extrovert
21371,Extrovert
21372,Introvert
21373,Extrovert
21374,Extrovert
21375,Extrovert
21376,Extrovert
21377,Extrovert
21378,Extrovert
21379,Introvert
21380,Extrovert
21381,Extrovert
21382,Extrovert
21383,Extrovert
21384,Extrovert
21385,Extrovert
21386,Introvert
21387,Extrovert
21388,Introvert
21389,Extrovert
21390,Introvert
21391,Extrovert
21392,Extrovert
21393,Introvert
21394,Extrovert
21395,Extrovert
21396,Extrovert
21397,Extrovert
21398,Extrovert
21399,Extrovert
21400,Extrovert
21401,Introvert
21402,Extrovert
21403,Extrovert
21404,Introvert
21405,Introvert
21406,Extrovert
21407,Introvert
21408,Introvert
21409,Introvert
21410,Extrovert
21411,Extrovert
21412,Extrovert
21413,Extrovert
21414,Extrovert
21415,Extrovert
21416,Extrovert
21417,Extrovert
21418,Introvert
21419,Extrovert
21420,Extrovert
21421,Extrovert
21422,Introvert
21423,Introvert
21424,Introvert
21425,Extrovert
21426,Extrovert
21427,Introvert
21428,Extrovert
21429,Extrovert
21430,Extrovert
21431,Extrovert
21432,Extrovert
21433,
21434,Introvert
21435,Extrovert
21436,Extrovert
21437,Extrovert
21438,Extrovert
21439,Introvert
21440,Extrovert
21441,
21442,Extrovert
21443,Extrovert
21444,Extrovert
21445,Introvert
21446,Introvert
21447,Extrovert
21448,Introvert
21449,Introvert
21450,Extrovert
21451,Extrovert
21452,Introvert
21453,
21454,Extrovert
21455,Introvert
21456,Extrovert
21457,Extrovert
21458,Extrovert
21459,Extrovert
21460,Extrovert
21461,Extrovert
21462,Extrovert
21463,Introvert
21464,Extrovert
21465,Extrovert
21466,Extrovert
21467,Introvert
21468,Extrovert
21469,Extrovert
21470,Extrovert
21471,Extrovert
21472,Extrovert
21473,Introvert
21474,Introvert
21475,Introvert
21476,Extrovert
21477,Extrovert
21478,Introvert
21479,Extrovert
21480,Extrovert
21481,Extrovert
21482,Introvert
21483,Extrovert
21484,Introvert
21485,Extrovert
21486,Extrovert
21487,Extrovert
21488,Extrovert
21489,Extrovert
21490,Introvert
21491,Extrovert
21492,Extrovert
21493,Extrovert
21494,Extrovert
21495,Extrovert
21496,Extrovert
21497,Extrovert
21498,Extrovert
21499,Extrovert
21500,Extrovert
21501,Extrovert
21502,Extrovert
21503,Introvert
21504,
21505,Introvert
21506,Extrovert
21507,Extrovert
21508,Extrovert
21509,Introvert
21510,Extrovert
21511,Introvert
21512,Extrovert
21513,Extrovert
21514,Extrovert
21515,Extrovert
21516,Introvert
21517,Extrovert
21518,Extrovert
21519,
21520,Extrovert
21521,Introvert
21522,Extrovert
21523,Introvert
21524,Extrovert
21525,Extrovert
21526,Introvert
21527,Extrovert
21528,Extrovert
21529,Introvert
21530,Extrovert
21531,Extrovert
21532,Extrovert
21533,Extrovert
21534,Extrovert
21535,Extrovert
21536,Extrovert
21537,Extrovert
21538,Extrovert
21539,Extrovert
21540,Extrovert
21541,Extrovert
21542,Extrovert
21543,Extrovert
21544,Extrovert
21545,Extrovert
21546,Extrovert
21547,Extrovert
21548,Extrovert
21549,Introvert
21550,Extrovert
21551,Introvert
21552,Extrovert
21553,Extrovert
21554,Extrovert
21555,Extrovert
21556,Extrovert
21557,Introvert
21558,Extrovert
21559,Introvert
21560,
21561,Introvert
21562,Extrovert
21563,Extrovert
21564,Extrovert
21565,Extrovert
21566,Introvert
21567,Extrovert
21568,Introvert
21569,Extrovert
21570,Extrovert
21571,Introvert
21572,Extrovert
21573,Extrovert
21574,Extrovert
21575,Extrovert
21576,Extrovert
21577,Extrovert
21578,Extrovert
21579,Introvert
21580,Extrovert
21581,Introvert
21582,
21583,
21584,Extrovert
21585,Extrovert
21586,Extrovert
21587,Extrovert
21588,Extrovert
21589,Extrovert
21590,Extrovert
21591,Extrovert
21592,Extrovert
21593,Extrovert
21594,Extrovert
21595,Extrovert
21596,Extrovert
21597,Introvert
21598,Extrovert
21599,Extrovert
21600,
21601,Extrovert
21602,
21603,Extrovert
21604,Extrovert
21605,Introvert
21606,Introvert
21607,Extrovert
21608,Extrovert
21609,Extrovert
21610,Introvert
21611,Extrovert
21612,Extrovert
21613,Introvert
21614,Extrovert
21615,Extrovert
21616,Extrovert
21617,Extrovert
21618,Extrovert
21619,Extrovert
21620,Extrovert
21621,Introvert
21622,Extrovert
21623,Extrovert
21624,Extrovert
21625,Extrovert
21626,Introvert
21627,Extrovert
21628,Introvert
21629,
21630,Introvert
21631,Introvert
21632,Introvert
21633,Extrovert
21634,Extrovert
21635,
21636,Extrovert
21637,Extrovert
21638,Introvert
21639,Extrovert
21640,Extrovert
21641,Extrovert
21642,Introvert
21643,Extrovert
21644,Extrovert
21645,Extrovert
21646,
21647,
21648,
21649,Extrovert
21650,Extrovert
21651,Extrovert
21652,Extrovert
21653,Extrovert
21654,Introvert
21655,Introvert
21656,Introvert
21657,
21658,Extrovert
21659,Extrovert
21660,
21661,Extrovert
21662,Extrovert
21663,Introvert
21664,Extrovert
21665,Extrovert
21666,Extrovert
21667,Extrovert
21668,Extrovert
21669,Extrovert
21670,Extrovert
21671,Extrovert
21672,Extrovert
21673,
21674,Extrovert
21675,Introvert
21676,Introvert
21677,Extrovert
21678,Introvert
21679,Introvert
21680,Extrovert
21681,Introvert
21682,Extrovert
21683,Introvert
21684,Introvert
21685,Extrovert
21686,Extrovert
21687,Extrovert
21688,Extrovert
21689,Extrovert
21690,Introvert
21691,Extrovert
21692,Introvert
21693,Introvert
21694,Extrovert
21695,Extrovert
21696,
21697,Introvert
21698,Extrovert
21699,
21700,
21701,Extrovert
21702,Extrovert
21703,Extrovert
21704,Extrovert
21705,Introvert
21706,Introvert
21707,Extrovert
21708,Introvert
21709,Introvert
21710,Extrovert
21711,Introvert
21712,Extrovert
21713,Extrovert
21714,Extrovert
21715,Extrovert
21716,Extrovert
21717,Extrovert
21718,Extrovert
21719,Extrovert
21720,Extrovert
21721,Extrovert
21722,Extrovert
21723,Extrovert
21724,Introvert
21725,Extrovert
21726,Extrovert
21727,Extrovert
21728,Extrovert
21729,Extrovert
21730,Extrovert
21731,Extrovert
21732,Introvert
21733,Extrovert
21734,Extrovert
21735,Introvert
21736,Extrovert
21737,Introvert
21738,Extrovert
21739,Extrovert
21740,Extrovert
21741,Introvert
21742,Introvert
21743,Extrovert
21744,Extrovert
21745,Introvert
21746,Extrovert
21747,Extrovert
21748,Extrovert
21749,Introvert
21750,Introvert
21751,Extrovert
21752,Extrovert
21753,
21754,Extrovert
21755,Extrovert
21756,Introvert
21757,Extrovert
21758,Extrovert
21759,Introvert
21760,Extrovert
21761,Introvert
21762,Introvert
21763,Introvert
21764,Extrovert
21765,Extrovert
21766,Introvert
21767,Extrovert
21768,Extrovert
21769,Extrovert
21770,Extrovert
21771,Introvert
21772,Extrovert
21773,Extrovert
21774,Extrovert
21775,Introvert
21776,Introvert
21777,Extrovert
21778,Extrovert
21779,
21780,Extrovert
21781,Extrovert
21782,Extrovert
21783,Extrovert
21784,Extrovert
21785,Extrovert
21786,
21787,Extrovert
21788,Extrovert
21789,Extrovert
21790,Extrovert
21791,Extrovert
21792,Extrovert
21793,Extrovert
21794,Extrovert
21795,Extrovert
21796,Extrovert
21797,Extrovert
21798,Extrovert
21799,Extrovert
21800,Introvert
21801,Extrovert
21802,Introvert
21803,Introvert
21804,Introvert
21805,Extrovert
21806,Introvert
21807,Introvert
21808,Extrovert
21809,Extrovert
21810,Extrovert
21811,Extrovert
21812,Extrovert
21813,Introvert
21814,Extrovert
21815,Introvert
21816,Extrovert
21817,Extrovert
21818,Extrovert
21819,Extrovert
21820,Introvert
21821,Extrovert
21822,Introvert
21823,Extrovert
21824,Introvert
21825,Extrovert
21826,Extrovert
21827,Extrovert
21828,Introvert
21829,Extrovert
21830,Introvert
21831,Extrovert
21832,Extrovert
21833,Introvert
21834,Extrovert
21835,Extrovert
21836,Extrovert
21837,Extrovert
21838,Extrovert
21839,Introvert
21840,Extrovert
21841,Extrovert
21842,Extrovert
21843,Extrovert
21844,Extrovert
21845,
21846,Introvert
21847,Extrovert
21848,Extrovert
21849,Extrovert
21850,Extrovert
21851,Extrovert
21852,Extrovert
21853,Introvert
21854,Extrovert
21855,Extrovert
21856,Extrovert
21857,Introvert
21858,Introvert
21859,Extrovert
21860,Extrovert
21861,Extrovert
21862,Introvert
21863,Introvert
21864,Extrovert
21865,Extrovert
21866,Extrovert
21867,Extrovert
21868,Extrovert
21869,Extrovert
21870,Extrovert
21871,Extrovert
21872,Extrovert
21873,Introvert
21874,Extrovert
21875,Introvert
21876,Introvert
21877,Introvert
21878,Extrovert
21879,Extrovert
21880,Extrovert
21881,Extrovert
21882,
21883,
21884,Introvert
21885,Introvert
21886,Extrovert
21887,Extrovert
21888,Extrovert
21889,Extrovert
21890,Extrovert
21891,Extrovert
21892,Extrovert
21893,Introvert
21894,Introvert
21895,Introvert
21896,
21897,Extrovert
21898,Extrovert
21899,Extrovert
21900,Introvert
21901,Extrovert
21902,Extrovert
21903,Extrovert
21904,Extrovert
21905,Extrovert
21906,Extrovert
21907,Extrovert
21908,Extrovert
21909,Extrovert
21910,
21911,Introvert
21912,Extrovert
21913,
21914,Extrovert
21915,Introvert
21916,Introvert
21917,Extrovert
21918,Extrovert
21919,Introvert
21920,Introvert
21921,Extrovert
21922,Introvert
21923,Extrovert
21924,Introvert
21925,Extrovert
21926,
21927,Extrovert
21928,Extrovert
21929,Introvert
21930,Extrovert
21931,Extrovert
21932,Extrovert
21933,Introvert
21934,
21935,Extrovert
21936,Extrovert
21937,Extrovert
21938,Introvert
21939,Introvert
21940,Extrovert
21941,Extrovert
21942,Extrovert
21943,Extrovert
21944,Extrovert
21945,Extrovert
21946,Introvert
21947,Extrovert
21948,Introvert
21949,Extrovert
21950,Extrovert
21951,Introvert
21952,Extrovert
21953,Extrovert
21954,Extrovert
21955,Introvert
21956,Extrovert
21957,Extrovert
21958,Extrovert
21959,Extrovert
21960,Extrovert
21961,Extrovert
21962,Introvert
21963,Introvert
21964,Extrovert
21965,Extrovert
21966,Extrovert
21967,Introvert
21968,Extrovert
21969,Extrovert
21970,Introvert
21971,Extrovert
21972,Extrovert
21973,Introvert
21974,
21975,Extrovert
21976,Extrovert
21977,
21978,Extrovert
21979,
21980,Extrovert
21981,Introvert
21982,
21983,Extrovert
21984,Extrovert
21985,Extrovert
21986,Extrovert
21987,Extrovert
21988,Extrovert
21989,Extrovert
21990,Extrovert
21991,
21992,Extrovert
21993,Extrovert
21994,Extrovert
21995,Extrovert
21996,Extrovert
21997,Extrovert
21998,Extrovert
21999,Introvert
22000,Extrovert
22001,Extrovert
22002,Extrovert
22003,Extrovert
22004,Extrovert
22005,Extrovert
22006,Extrovert
22007,Extrovert
22008,Extrovert
22009,Extrovert
22010,Extrovert
22011,Extrovert
22012,
22013,Extrovert
22014,Extrovert
22015,Extrovert
22016,
22017,Extrovert
22018,Extrovert
22019,Extrovert
22020,Extrovert
22021,Introvert
22022,Extrovert
22023,Introvert
22024,Extrovert
22025,Extrovert
22026,Extrovert
22027,Extrovert
22028,Extrovert
22029,Extrovert
22030,Extrovert
22031,Extrovert
22032,Introvert
22033,Extrovert
22034,Extrovert
22035,Extrovert
22036,Extrovert
22037,Introvert
22038,Introvert
22039,Introvert
22040,Introvert
22041,Extrovert
22042,Extrovert
22043,Extrovert
22044,Extrovert
22045,Extrovert
22046,Extrovert
22047,Extrovert
22048,Extrovert
22049,Extrovert
22050,Extrovert
22051,Introvert
22052,Extrovert
22053,Extrovert
22054,Introvert
22055,Extrovert
22056,Introvert
22057,Extrovert
22058,Extrovert
22059,Introvert
22060,Extrovert
22061,Introvert
22062,Extrovert
22063,Extrovert
22064,Introvert
22065,Introvert
22066,Introvert
22067,Extrovert
22068,Extrovert
22069,Extrovert
22070,
22071,Introvert
22072,Extrovert
22073,Extrovert
22074,Introvert
22075,
22076,Extrovert
22077,Extrovert
22078,Extrovert
22079,Extrovert
22080,
22081,Extrovert
22082,Introvert
22083,Extrovert
22084,Introvert
22085,
22086,Introvert
22087,Extrovert
22088,Extrovert
22089,Extrovert
22090,Extrovert
22091,
22092,
22093,Extrovert
22094,Introvert
22095,Extrovert
22096,Extrovert
22097,Extrovert
22098,Introvert
22099,Extrovert
22100,Extrovert
22101,
22102,Extrovert
22103,Introvert
22104,Extrovert
22105,Extrovert
22106,Extrovert
22107,Introvert
22108,Extrovert
22109,Extrovert
22110,Extrovert
22111,Introvert
22112,Introvert
22113,Extrovert
22114,
22115,Extrovert
22116,Extrovert
22117,Introvert
22118,Introvert
22119,Introvert
22120,Introvert
22121,Extrovert
22122,Extrovert
22123,Extrovert
22124,Introvert
22125,Introvert
22126,Extrovert
22127,Extrovert
22128,Extrovert
22129,Introvert
22130,
22131,Extrovert
22132,Extrovert
22133,Extrovert
22134,Introvert
22135,Extrovert
22136,Extrovert
22137,Extrovert
22138,Extrovert
22139,Introvert
22140,Extrovert
22141,Extrovert
22142,Introvert
22143,Extrovert
22144,Extrovert
22145,Introvert
22146,Extrovert
22147,Extrovert
22148,Introvert
22149,Extrovert
22150,Extrovert
22151,Introvert
22152,Extrovert
22153,Extrovert
22154,Extrovert
22155,Introvert
22156,Extrovert
22157,Extrovert
22158,Extrovert
22159,Extrovert
22160,Introvert
22161,
22162,Extrovert
22163,Extrovert
22164,Extrovert
22165,Extrovert
22166,Extrovert
22167,Extrovert
22168,Extrovert
22169,Extrovert
22170,Extrovert
22171,Introvert
22172,Introvert
22173,Introvert
22174,Extrovert
22175,Extrovert
22176,Extrovert
22177,Extrovert
22178,Extrovert
22179,Introvert
22180,Introvert
22181,Introvert
22182,Extrovert
22183,Extrovert
22184,Extrovert
22185,Extrovert
22186,Introvert
22187,Extrovert
22188,Extrovert
22189,Introvert
22190,Extrovert
22191,Extrovert
22192,Extrovert
22193,Extrovert
22194,Extrovert
22195,Extrovert
22196,Extrovert
22197,Introvert
22198,Extrovert
22199,Extrovert
22200,Extrovert
22201,Extrovert
22202,Extrovert
22203,Extrovert
22204,Introvert
22205,Extrovert
22206,Introvert
22207,Introvert
22208,Extrovert
22209,Extrovert
22210,Extrovert
22211,Introvert
22212,Extrovert
22213,Extrovert
22214,Extrovert
22215,Extrovert
22216,Introvert
22217,Extrovert
22218,Introvert
22219,Extrovert
22220,Extrovert
22221,Introvert
22222,Extrovert
22223,Extrovert
22224,Extrovert
22225,Introvert
22226,Extrovert
22227,Extrovert
22228,Extrovert
22229,Extrovert
22230,Extrovert
22231,Extrovert
22232,Introvert
22233,Extrovert
22234,
22235,Extrovert
22236,Extrovert
22237,Extrovert
22238,
22239,Extrovert
22240,Extrovert
22241,Extrovert
22242,Extrovert
22243,Extrovert
22244,Extrovert
22245,Extrovert
22246,Introvert
22247,Extrovert
22248,Extrovert
22249,Extrovert
22250,Introvert
22251,Extrovert
22252,Extrovert
22253,Extrovert
22254,Extrovert
22255,Introvert
22256,Extrovert
22257,Extrovert
22258,Extrovert
22259,Extrovert
22260,Extrovert
22261,Introvert
22262,Extrovert
22263,Introvert
22264,Extrovert
22265,Extrovert
22266,
22267,Extrovert
22268,Extrovert
22269,Extrovert
22270,Extrovert
22271,Introvert
22272,Extrovert
22273,Extrovert
22274,Introvert
22275,Extrovert
22276,Extrovert
22277,Extrovert
22278,Extrovert
22279,Extrovert
22280,Introvert
22281,Introvert
22282,Extrovert
22283,Extrovert
22284,
22285,Introvert
22286,Extrovert
22287,Extrovert
22288,Extrovert
22289,Extrovert
22290,Extrovert
22291,Extrovert
22292,Extrovert
22293,Extrovert
22294,Extrovert
22295,Extrovert
22296,Introvert
22297,Extrovert
22298,Extrovert
22299,Introvert
22300,Extrovert
22301,Extrovert
22302,Introvert
22303,Extrovert
22304,Extrovert
22305,Extrovert
22306,Introvert
22307,Extrovert
22308,Extrovert
22309,Introvert
22310,Extrovert
22311,Extrovert
22312,Introvert
22313,Introvert
22314,Extrovert
22315,Extrovert
22316,Extrovert
22317,Introvert
22318,Extrovert
22319,Extrovert
22320,Extrovert
22321,Extrovert
22322,Extrovert
22323,Extrovert
22324,Extrovert
22325,Extrovert
22326,Introvert
22327,Extrovert
22328,Introvert
22329,Extrovert
22330,Extrovert
22331,Introvert
22332,Extrovert
22333,Extrovert
22334,Extrovert
22335,Introvert
22336,Extrovert
22337,Extrovert
22338,Extrovert
22339,Extrovert
22340,Extrovert
22341,Extrovert
22342,Introvert
22343,Extrovert
22344,Extrovert
22345,Extrovert
22346,Extrovert
22347,Extrovert
22348,Extrovert
22349,Extrovert
22350,Extrovert
22351,Introvert
22352,Introvert
22353,Extrovert
22354,Extrovert
22355,Introvert
22356,Extrovert
22357,Introvert
22358,Extrovert
22359,Extrovert
22360,Extrovert
22361,Extrovert
22362,Extrovert
22363,Extrovert
22364,Introvert
22365,Introvert
22366,Introvert
22367,Introvert
22368,Extrovert
22369,Extrovert
22370,Extrovert
22371,Extrovert
22372,Extrovert
22373,Introvert
22374,Extrovert
22375,Extrovert
22376,Extrovert
22377,Extrovert
22378,
22379,Extrovert
22380,Extrovert
22381,Extrovert
22382,Extrovert
22383,
22384,Extrovert
22385,Extrovert
22386,Extrovert
22387,Introvert
22388,Extrovert
22389,Extrovert
22390,Extrovert
22391,Extrovert
22392,Extrovert
22393,Introvert
22394,Introvert
22395,Extrovert
22396,Extrovert
22397,Extrovert
22398,Extrovert
22399,Extrovert
22400,Extrovert
22401,Extrovert
22402,Extrovert
22403,Extrovert
22404,Introvert
22405,Extrovert
22406,Extrovert
22407,Introvert
22408,Extrovert
22409,Extrovert
22410,Extrovert
22411,Extrovert
22412,Extrovert
22413,Extrovert
22414,Extrovert
22415,Introvert
22416,Introvert
22417,Extrovert
22418,Introvert
22419,Extrovert
22420,Introvert
22421,Extrovert
22422,Extrovert
22423,Extrovert
22424,Extrovert
22425,Extrovert
22426,Introvert
22427,Extrovert
22428,Extrovert
22429,Extrovert
22430,Extrovert
22431,Extrovert
22432,Extrovert
22433,Introvert
22434,Extrovert
22435,Extrovert
22436,
22437,Extrovert
22438,Introvert
22439,Extrovert
22440,Extrovert
22441,Extrovert
22442,Extrovert
22443,Extrovert
22444,Extrovert
22445,Extrovert
22446,
22447,Extrovert
22448,Extrovert
22449,Extrovert
22450,Introvert
22451,Extrovert
22452,Extrovert
22453,Extrovert
22454,Extrovert
22455,Introvert
22456,Extrovert
22457,Extrovert
22458,Extrovert
22459,Extrovert
22460,
22461,Extrovert
22462,Extrovert
22463,Introvert
22464,Extrovert
22465,Extrovert
22466,Introvert
22467,Extrovert
22468,Extrovert
22469,
22470,Extrovert
22471,Extrovert
22472,Introvert
22473,Introvert
22474,Extrovert
22475,Extrovert
22476,Extrovert
22477,Introvert
22478,Extrovert
22479,Extrovert
22480,Extrovert
22481,Extrovert
22482,Extrovert
22483,Introvert
22484,Extrovert
22485,Extrovert
22486,Extrovert
22487,Introvert
22488,Extrovert
22489,Introvert
22490,Extrovert
22491,Introvert
22492,Extrovert
22493,Extrovert
22494,Introvert
22495,Extrovert
22496,Extrovert
22497,Extrovert
22498,Extrovert
22499,Extrovert
22500,Extrovert
22501,Extrovert
22502,Introvert
22503,Extrovert
22504,
22505,Extrovert
22506,Extrovert
22507,Extrovert
22508,Introvert
22509,Extrovert
22510,Extrovert
22511,Extrovert
22512,
22513,Extrovert
22514,Extrovert
22515,Introvert
22516,Extrovert
22517,Extrovert
22518,Extrovert
22519,Extrovert
22520,Extrovert
22521,Extrovert
22522,Extrovert
22523,Extrovert
22524,Extrovert
22525,Extrovert
22526,Extrovert
22527,Extrovert
22528,Introvert
22529,Extrovert
22530,Introvert
22531,Extrovert
22532,Introvert
22533,Introvert
22534,Extrovert
22535,Extrovert
22536,Introvert
22537,Extrovert
22538,Extrovert
22539,Extrovert
22540,Extrovert
22541,Extrovert
22542,Extrovert
22543,Extrovert
22544,Extrovert
22545,Introvert
22546,Extrovert
22547,Introvert
22548,Extrovert
22549,Extrovert
22550,Extrovert
22551,Introvert
22552,Introvert
22553,Extrovert
22554,Extrovert
22555,Introvert
22556,Extrovert
22557,Introvert
22558,Extrovert
22559,Extrovert
22560,Extrovert
22561,Extrovert
22562,Extrovert
22563,Extrovert
22564,Extrovert
22565,Extrovert
22566,Extrovert
22567,Extrovert
22568,Extrovert
22569,Extrovert
22570,Extrovert
22571,Extrovert
22572,Extrovert
22573,Extrovert
22574,Extrovert
22575,Extrovert
22576,Introvert
22577,Extrovert
22578,Extrovert
22579,Extrovert
22580,Extrovert
22581,Introvert
22582,Extrovert
22583,Extrovert
22584,Extrovert
22585,Introvert
22586,Extrovert
22587,Introvert
22588,Extrovert
22589,Introvert
22590,Extrovert
22591,Introvert
22592,Introvert
22593,Extrovert
22594,Introvert
22595,Extrovert
22596,Extrovert
22597,Extrovert
22598,Extrovert
22599,Extrovert
22600,Introvert
22601,Extrovert
22602,Extrovert
22603,Introvert
22604,Extrovert
22605,Introvert
22606,Introvert
22607,Introvert
22608,
22609,Extrovert
22610,
22611,Extrovert
22612,Extrovert
22613,Extrovert
22614,Extrovert
22615,Extrovert
22616,Introvert
22617,Extrovert
22618,Extrovert
22619,Extrovert
22620,Extrovert
22621,Extrovert
22622,Introvert
22623,Extrovert
22624,Extrovert
22625,Extrovert
22626,Extrovert
22627,Extrovert
22628,Extrovert
22629,Extrovert
22630,Introvert
22631,Introvert
22632,Extrovert
22633,Extrovert
22634,Extrovert
22635,
22636,Extrovert
22637,Introvert
22638,Introvert
22639,Introvert
22640,Extrovert
22641,Extrovert
22642,Extrovert
22643,Extrovert
22644,Extrovert
22645,Extrovert
22646,Extrovert
22647,Extrovert
22648,Extrovert
22649,Extrovert
22650,Extrovert
22651,Extrovert
22652,Introvert
22653,Extrovert
22654,Extrovert
22655,Extrovert
22656,Introvert
22657,Extrovert
22658,Introvert
22659,Extrovert
22660,Extrovert
22661,Extrovert
22662,Extrovert
22663,Introvert
22664,Extrovert
22665,Extrovert
22666,Extrovert
22667,Introvert
22668,Extrovert
22669,Extrovert
22670,Extrovert
22671,Introvert
22672,Extrovert
22673,Introvert
22674,Extrovert
22675,Extrovert
22676,Introvert
22677,Extrovert
22678,Extrovert
22679,Extrovert
22680,Extrovert
22681,Extrovert
22682,Extrovert
22683,Extrovert
22684,Extrovert
22685,Extrovert
22686,Extrovert
22687,Extrovert
22688,
22689,Extrovert
22690,Extrovert
22691,Extrovert
22692,Extrovert
22693,Introvert
22694,Extrovert
22695,Introvert
22696,Extrovert
22697,Extrovert
22698,Introvert
22699,Extrovert
22700,Extrovert
22701,Introvert
22702,Extrovert
22703,Extrovert
22704,Extrovert
22705,Extrovert
22706,Extrovert
22707,Extrovert
22708,Extrovert
22709,Extrovert
22710,Extrovert
22711,Introvert
22712,Extrovert
22713,Extrovert
22714,Introvert
22715,Extrovert
22716,Extrovert
22717,Extrovert
22718,Extrovert
22719,Extrovert
22720,Extrovert
22721,Extrovert
22722,Extrovert
22723,Extrovert
22724,Extrovert
22725,Extrovert
22726,Extrovert
22727,Extrovert
22728,Extrovert
22729,Extrovert
22730,Extrovert
22731,Extrovert
22732,Extrovert
22733,Extrovert
22734,Extrovert
22735,Extrovert
22736,Extrovert
22737,Extrovert
22738,Introvert
22739,Extrovert
22740,Extrovert
22741,Extrovert
22742,Extrovert
22743,Introvert
22744,Extrovert
22745,Introvert
22746,Extrovert
22747,Introvert
22748,Extrovert
22749,Introvert
22750,Introvert
22751,Introvert
22752,Extrovert
22753,
22754,Extrovert
22755,Extrovert
22756,Extrovert
22757,Extrovert
22758,Extrovert
22759,Extrovert
22760,Extrovert
22761,Extrovert
22762,Extrovert
22763,Introvert
22764,Extrovert
22765,
22766,Extrovert
22767,Extrovert
22768,Extrovert
22769,Introvert
22770,Introvert
22771,Extrovert
22772,Extrovert
22773,Extrovert
22774,Extrovert
22775,Extrovert
22776,Extrovert
22777,Extrovert
22778,Introvert
22779,Extrovert
22780,Extrovert
22781,Extrovert
22782,Introvert
22783,Introvert
22784,
22785,Introvert
22786,
22787,Extrovert
22788,Introvert
22789,Extrovert
22790,Extrovert
22791,Extrovert
22792,Introvert
22793,Extrovert
22794,Extrovert
22795,Extrovert
22796,Extrovert
22797,Extrovert
22798,Introvert
22799,Extrovert
22800,Introvert
22801,
22802,Introvert
22803,Introvert
22804,Extrovert
22805,Extrovert
22806,Introvert
22807,Extrovert
22808,Extrovert
22809,Extrovert
22810,Introvert
22811,
22812,Introvert
22813,Extrovert
22814,Extrovert
22815,Extrovert
22816,Introvert
22817,Extrovert
22818,Extrovert
22819,Extrovert
22820,Extrovert
22821,Extrovert
22822,Introvert
22823,Extrovert
22824,Introvert
22825,Introvert
22826,Introvert
22827,Extrovert
22828,Extrovert
22829,Extrovert
22830,Extrovert
22831,Extrovert
22832,Extrovert
22833,Extrovert
22834,
22835,Introvert
22836,Extrovert
22837,Extrovert
22838,Extrovert
22839,Introvert
22840,Introvert
22841,Extrovert
22842,Extrovert
22843,Extrovert
22844,Introvert
22845,Extrovert
22846,Extrovert
22847,Extrovert
22848,Extrovert
22849,Extrovert
22850,Extrovert
22851,Extrovert
22852,Introvert
22853,Extrovert
22854,Extrovert
22855,Extrovert
22856,Extrovert
22857,Extrovert
22858,Extrovert
22859,Introvert
22860,Extrovert
22861,Extrovert
22862,Introvert
22863,Extrovert
22864,Introvert
22865,Extrovert
22866,Introvert
22867,Extrovert
22868,Extrovert
22869,Introvert
22870,Introvert
22871,Extrovert
22872,Extrovert
22873,Extrovert
22874,Introvert
22875,Extrovert
22876,
22877,Extrovert
22878,Extrovert
22879,Extrovert
22880,Extrovert
22881,Extrovert
22882,Introvert
22883,Extrovert
22884,Introvert
22885,Extrovert
22886,
22887,Extrovert
22888,Introvert
22889,Extrovert
22890,Extrovert
22891,Introvert
22892,Introvert
22893,Extrovert
22894,Extrovert
22895,Introvert
22896,Extrovert
22897,Extrovert
22898,Extrovert
22899,Extrovert
22900,Extrovert
22901,Extrovert
22902,Extrovert
22903,Extrovert
22904,Introvert
22905,Extrovert
22906,
22907,Extrovert
22908,Introvert
22909,Introvert
22910,Extrovert
22911,Extrovert
22912,Extrovert
22913,Introvert
22914,Extrovert
22915,Extrovert
22916,Introvert
22917,Extrovert
22918,Introvert
22919,Extrovert
22920,Extrovert
22921,Introvert
22922,Introvert
22923,Extrovert
22924,Introvert
22925,Extrovert
22926,Extrovert
22927,Extrovert
22928,Extrovert
22929,Extrovert
22930,Extrovert
22931,Extrovert
22932,Introvert
22933,Extrovert
22934,Introvert
22935,Introvert
22936,Extrovert
22937,Extrovert
22938,Extrovert
22939,Extrovert
22940,Extrovert
22941,Extrovert
22942,Extrovert
22943,Extrovert
22944,Extrovert
22945,Extrovert
22946,Introvert
22947,Introvert
22948,Extrovert
22949,Extrovert
22950,Introvert
22951,Extrovert
22952,Extrovert
22953,
22954,Extrovert
22955,Extrovert
22956,Extrovert
22957,Extrovert
22958,Extrovert
22959,Extrovert
22960,Extrovert
22961,Extrovert
22962,Extrovert
22963,Extrovert
22964,Extrovert
22965,Extrovert
22966,Extrovert
22967,Introvert
22968,Extrovert
22969,Extrovert
22970,Extrovert
22971,Extrovert
22972,Extrovert
22973,Extrovert
22974,Extrovert
22975,Extrovert
22976,Introvert
22977,Extrovert
22978,Extrovert
22979,Extrovert
22980,Introvert
22981,Extrovert
22982,Extrovert
22983,Introvert
22984,Introvert
22985,Extrovert
22986,Extrovert
22987,Introvert
22988,Introvert
22989,Extrovert
22990,Introvert
22991,Introvert
22992,Extrovert
22993,Extrovert
22994,Extrovert
22995,Extrovert
22996,Extrovert
22997,Introvert
22998,Extrovert
22999,Extrovert
23000,Extrovert
23001,Extrovert
23002,Extrovert
23003,Introvert
23004,Extrovert
23005,Extrovert
23006,Extrovert
23007,Introvert
23008,Extrovert
23009,Extrovert
23010,Extrovert
23011,Extrovert
23012,Extrovert
23013,Extrovert
23014,Introvert
23015,Extrovert
23016,Extrovert
23017,Introvert
23018,Extrovert
23019,Extrovert
23020,Extrovert
23021,Extrovert
23022,Introvert
23023,Extrovert
23024,Extrovert
23025,Extrovert
23026,Extrovert
23027,Extrovert
23028,Introvert
23029,Extrovert
23030,Extrovert
23031,Extrovert
23032,Extrovert
23033,Extrovert
23034,Extrovert
23035,Extrovert
23036,Extrovert
23037,Extrovert
23038,Extrovert
23039,Extrovert
23040,Extrovert
23041,Introvert
23042,Extrovert
23043,Introvert
23044,Extrovert
23045,Extrovert
23046,Introvert
23047,Introvert
23048,Introvert
23049,Introvert
23050,Extrovert
23051,Extrovert
23052,Introvert
23053,Extrovert
23054,Introvert
23055,
23056,Extrovert
23057,Extrovert
23058,Extrovert
23059,Extrovert
23060,Extrovert
23061,Introvert
23062,Introvert
23063,Extrovert
23064,Extrovert
23065,Extrovert
23066,Introvert
23067,Extrovert
23068,Extrovert
23069,Introvert
23070,Extrovert
23071,Extrovert
23072,Introvert
23073,Extrovert
23074,Extrovert
23075,Extrovert
23076,Extrovert
23077,Introvert
23078,Extrovert
23079,Extrovert
23080,Introvert
23081,
23082,Extrovert
23083,Extrovert
23084,Extrovert
23085,Extrovert
23086,
23087,Extrovert
23088,Extrovert
23089,Extrovert
23090,Extrovert
23091,Extrovert
23092,Extrovert
23093,Extrovert
23094,
23095,Extrovert
23096,Introvert
23097,
23098,Extrovert
23099,Extrovert
23100,Extrovert
23101,Extrovert
23102,Extrovert
23103,Extrovert
23104,Extrovert
23105,Extrovert
23106,Extrovert
23107,Extrovert
23108,
23109,Introvert
23110,Extrovert
23111,
23112,Extrovert
23113,Extrovert
23114,Extrovert
23115,Introvert
23116,Extrovert
23117,Extrovert
23118,Extrovert
23119,Extrovert
23120,Extrovert
23121,Introvert
23122,Introvert
23123,Introvert
23124,Introvert
23125,Extrovert
23126,Introvert
23127,Introvert
23128,Extrovert
23129,Extrovert
23130,Extrovert
23131,Extrovert
23132,Introvert
23133,Extrovert
23134,Extrovert
23135,Introvert
23136,Introvert
23137,Extrovert
23138,Extrovert
23139,Extrovert
23140,Introvert
23141,Extrovert
23142,Extrovert
23143,Extrovert
23144,Extrovert
23145,Extrovert
23146,Introvert
23147,Introvert
23148,Extrovert
23149,Extrovert
23150,Extrovert
23151,Extrovert
23152,Extrovert
23153,Extrovert
23154,Extrovert
23155,Introvert
23156,Introvert
23157,Extrovert
23158,Extrovert
23159,Extrovert
23160,Extrovert
23161,Introvert
23162,Extrovert
23163,Extrovert
23164,Extrovert
23165,
23166,
23167,Extrovert
23168,Extrovert
23169,Extrovert
23170,Extrovert
23171,Introvert
23172,Extrovert
23173,Extrovert
23174,Extrovert
23175,Introvert
23176,Extrovert
23177,Introvert
23178,Extrovert
23179,Extrovert
23180,Extrovert
23181,Extrovert
23182,Extrovert
23183,Extrovert
23184,Extrovert
23185,Extrovert
23186,Extrovert
23187,Introvert
23188,Extrovert
23189,Introvert
23190,Extrovert
23191,Extrovert
23192,Extrovert
23193,Extrovert
23194,Introvert
23195,Extrovert
23196,Extrovert
23197,
23198,Introvert
23199,Introvert
23200,Extrovert
23201,Introvert
23202,Extrovert
23203,Introvert
23204,Extrovert
23205,Extrovert
23206,Extrovert
23207,Extrovert
23208,Extrovert
23209,Extrovert
23210,Extrovert
23211,Introvert
23212,Extrovert
23213,Extrovert
23214,Extrovert
23215,
23216,Introvert
23217,Extrovert
23218,Extrovert
23219,Extrovert
23220,Extrovert
23221,Introvert
23222,Introvert
23223,Extrovert
23224,Extrovert
23225,Extrovert
23226,Extrovert
23227,Extrovert
23228,Extrovert
23229,Extrovert
23230,Extrovert
23231,Extrovert
23232,Extrovert
23233,Extrovert
23234,Introvert
23235,Extrovert
23236,Extrovert
23237,Introvert
23238,Extrovert
23239,Introvert
23240,Extrovert
23241,Introvert
23242,Introvert
23243,Extrovert
23244,Extrovert
23245,Extrovert
23246,Extrovert
23247,Extrovert
23248,Extrovert
23249,
23250,
23251,Extrovert
23252,Introvert
23253,Introvert
23254,Extrovert
23255,Extrovert
23256,Extrovert
23257,Extrovert
23258,Extrovert
23259,Introvert
23260,Introvert
23261,
23262,Introvert
23263,Extrovert
23264,Extrovert
23265,Extrovert
23266,Extrovert
23267,Extrovert
23268,Extrovert
23269,Introvert
23270,Extrovert
23271,Introvert
23272,Extrovert
23273,Extrovert
23274,Extrovert
23275,Extrovert
23276,Extrovert
23277,Extrovert
23278,Extrovert
23279,Extrovert
23280,Extrovert
23281,Extrovert
23282,Introvert
23283,Extrovert
23284,Introvert
23285,Extrovert
23286,Introvert
23287,Extrovert
23288,Extrovert
23289,Extrovert
23290,Extrovert
23291,Extrovert
23292,Extrovert
23293,Extrovert
23294,Extrovert
23295,Introvert
23296,Extrovert
23297,Extrovert
23298,Introvert
23299,Extrovert
23300,Introvert
23301,Extrovert
23302,Extrovert
23303,Extrovert
23304,Extrovert
23305,Extrovert
23306,Introvert
23307,Extrovert
23308,Introvert
23309,Extrovert
23310,Introvert
23311,Introvert
23312,Extrovert
23313,Extrovert
23314,Extrovert
23315,Extrovert
23316,Extrovert
23317,Extrovert
23318,Introvert
23319,Extrovert
23320,Introvert
23321,Extrovert
23322,Extrovert
23323,Introvert
23324,Introvert
23325,Introvert
23326,Introvert
23327,Introvert
23328,Introvert
23329,Extrovert
23330,Extrovert
23331,Extrovert
23332,Extrovert
23333,Extrovert
23334,Extrovert
23335,Extrovert
23336,Extrovert
23337,Introvert
23338,Introvert
23339,Extrovert
23340,Introvert
23341,Extrovert
23342,Extrovert
23343,Extrovert
23344,Extrovert
23345,Extrovert
23346,Introvert
23347,Extrovert
23348,Introvert
23349,Introvert
23350,Extrovert
23351,Extrovert
23352,Extrovert
23353,Introvert
23354,Introvert
23355,Extrovert
23356,Extrovert
23357,Extrovert
23358,Extrovert
23359,Extrovert
23360,Extrovert
23361,Extrovert
23362,Extrovert
23363,Extrovert
23364,Extrovert
23365,Introvert
23366,Extrovert
23367,Introvert
23368,Extrovert
23369,Extrovert
23370,Extrovert
23371,Introvert
23372,Extrovert
23373,Extrovert
23374,Introvert
23375,Extrovert
23376,Extrovert
23377,Extrovert
23378,Extrovert
23379,Introvert
23380,Introvert
23381,Extrovert
23382,Extrovert
23383,Extrovert
23384,Introvert
23385,Extrovert
23386,Extrovert
23387,Extrovert
23388,Introvert
23389,Extrovert
23390,Extrovert
23391,Extrovert
23392,Extrovert
23393,Extrovert
23394,Extrovert
23395,Introvert
23396,Extrovert
23397,Extrovert
23398,
23399,Extrovert
23400,Extrovert
23401,Extrovert
23402,Introvert
23403,Introvert
23404,Extrovert
23405,Extrovert
23406,Extrovert
23407,Introvert
23408,Extrovert
23409,Extrovert
23410,Extrovert
23411,Extrovert
23412,Extrovert
23413,
23414,Extrovert
23415,Introvert
23416,Extrovert
23417,Extrovert
23418,Introvert
23419,Introvert
23420,Extrovert
23421,Extrovert
23422,Introvert
23423,Extrovert
23424,Extrovert
23425,Introvert
23426,Extrovert
23427,Extrovert
23428,Extrovert
23429,Extrovert
23430,Extrovert
23431,Extrovert
23432,Introvert
23433,Extrovert
23434,Introvert
23435,Extrovert
23436,Extrovert
23437,Extrovert
23438,Extrovert
23439,Extrovert
23440,Extrovert
23441,Extrovert
23442,Introvert
23443,Extrovert
23444,Extrovert
23445,Introvert
23446,Extrovert
23447,Extrovert
23448,Extrovert
23449,Extrovert
23450,Extrovert
23451,Extrovert
23452,Extrovert
23453,Extrovert
23454,Extrovert
23455,Extrovert
23456,Extrovert
23457,Extrovert
23458,Extrovert
23459,Extrovert
23460,Extrovert
23461,Extrovert
23462,Introvert
23463,Introvert
23464,Extrovert
23465,Extrovert
23466,Extrovert
23467,Introvert
23468,Extrovert
23469,Extrovert
23470,Extrovert
23471,Extrovert
23472,Extrovert
23473,Extrovert
23474,Extrovert
23475,Introvert
23476,Extrovert
23477,Introvert
23478,Extrovert
23479,Extrovert
23480,Introvert
23481,Extrovert
23482,Extrovert
23483,Extrovert
23484,Introvert
23485,Introvert
23486,Extrovert
23487,Introvert
23488,Extrovert
23489,Extrovert
23490,Extrovert
23491,Introvert
23492,Extrovert
23493,
23494,Extrovert
23495,Extrovert
23496,Introvert
23497,Introvert
23498,Introvert
23499,Extrovert
23500,Introvert
23501,Extrovert
23502,Extrovert
23503,Extrovert
23504,Extrovert
23505,Introvert
23506,Extrovert
23507,Extrovert
23508,Extrovert
23509,
23510,Introvert
23511,Extrovert
23512,Introvert
23513,Extrovert
23514,Extrovert
23515,Extrovert
23516,Extrovert
23517,
23518,Extrovert
23519,Extrovert
23520,Extrovert
23521,Extrovert
23522,Introvert
23523,Extrovert
23524,Extrovert
23525,Extrovert
23526,Introvert
23527,Extrovert
23528,Introvert
23529,Introvert
23530,Extrovert
23531,Extrovert
23532,Extrovert
23533,Extrovert
23534,Extrovert
23535,Extrovert
23536,Extrovert
23537,Extrovert
23538,
23539,Introvert
23540,Extrovert
23541,Introvert
23542,Extrovert
23543,Introvert
23544,Extrovert
23545,Extrovert
23546,Introvert
23547,Extrovert
23548,Introvert
23549,Extrovert
23550,Extrovert
23551,Introvert
23552,Extrovert
23553,Extrovert
23554,Extrovert
23555,Introvert
23556,Introvert
23557,Extrovert
23558,Extrovert
23559,Introvert
23560,
23561,Extrovert
23562,Extrovert
23563,
23564,Extrovert
23565,Extrovert
23566,Extrovert
23567,Extrovert
23568,Extrovert
23569,Extrovert
23570,Introvert
23571,Extrovert
23572,Introvert
23573,Extrovert
23574,Extrovert
23575,Extrovert
23576,Introvert
23577,Extrovert
23578,Extrovert
23579,
23580,Introvert
23581,Extrovert
23582,Extrovert
23583,Extrovert
23584,
23585,Introvert
23586,Extrovert
23587,Introvert
23588,Introvert
23589,Extrovert
23590,Extrovert
23591,Extrovert
23592,Extrovert
23593,Extrovert
23594,Extrovert
23595,Extrovert
23596,Extrovert
23597,Extrovert
23598,Extrovert
23599,Extrovert
23600,Extrovert
23601,
23602,Extrovert
23603,Extrovert
23604,Extrovert
23605,Extrovert
23606,Introvert
23607,Extrovert
23608,Extrovert
23609,Extrovert
23610,
23611,Introvert
23612,Extrovert
23613,Introvert
23614,Extrovert
23615,Extrovert
23616,
23617,Extrovert
23618,Extrovert
23619,Extrovert
23620,Extrovert
23621,Extrovert
23622,Extrovert
23623,Extrovert
23624,Extrovert
23625,Extrovert
23626,Extrovert
23627,Extrovert
23628,Extrovert
23629,Extrovert
23630,Extrovert
23631,Extrovert
23632,Extrovert
23633,Extrovert
23634,Extrovert
23635,
23636,Extrovert
23637,Extrovert
23638,Extrovert
23639,Extrovert
23640,Introvert
23641,Extrovert
23642,Extrovert
23643,Extrovert
23644,Extrovert
23645,Introvert
23646,Extrovert
23647,Extrovert
23648,Extrovert
23649,Extrovert
23650,Extrovert
23651,Extrovert
23652,Extrovert
23653,Extrovert
23654,Extrovert
23655,Extrovert
23656,Extrovert
23657,Introvert
23658,
23659,Extrovert
23660,Extrovert
23661,Extrovert
23662,
23663,Introvert
23664,Extrovert
23665,Extrovert
23666,Extrovert
23667,Extrovert
23668,Extrovert
23669,Introvert
23670,Extrovert
23671,Extrovert
23672,Extrovert
23673,Extrovert
23674,Extrovert
23675,Extrovert
23676,Extrovert
23677,Extrovert
23678,Extrovert
23679,Extrovert
23680,Extrovert
23681,Extrovert
23682,Extrovert
23683,Extrovert
23684,Extrovert
23685,Extrovert
23686,Extrovert
23687,Extrovert
23688,Extrovert
23689,Extrovert
23690,Extrovert
23691,Extrovert
23692,Extrovert
23693,Extrovert
23694,Introvert
23695,Extrovert
23696,Extrovert
23697,Introvert
23698,Extrovert
23699,Extrovert
23700,Extrovert
23701,Extrovert
23702,Extrovert
23703,Extrovert
23704,Extrovert
23705,Introvert
23706,Extrovert
23707,Introvert
23708,Extrovert
23709,Extrovert
23710,Extrovert
23711,Extrovert
23712,Extrovert
23713,Extrovert
23714,Extrovert
23715,Extrovert
23716,Introvert
23717,Extrovert
23718,Extrovert
23719,Extrovert
23720,Introvert
23721,Extrovert
23722,Extrovert
23723,Extrovert
23724,Extrovert
23725,
23726,Extrovert
23727,Extrovert
23728,Extrovert
23729,Extrovert
23730,Extrovert
23731,Introvert
23732,Extrovert
23733,Extrovert
23734,Extrovert
23735,Extrovert
23736,Extrovert
23737,Extrovert
23738,Extrovert
23739,Extrovert
23740,Extrovert
23741,Introvert
23742,Extrovert
23743,Extrovert
23744,Extrovert
23745,Extrovert
23746,Extrovert
23747,Extrovert
23748,Extrovert
23749,Introvert
23750,Introvert
23751,Extrovert
23752,Extrovert
23753,Introvert
23754,Extrovert
23755,
23756,Introvert
23757,Extrovert
23758,Introvert
23759,Extrovert
23760,Extrovert
23761,Extrovert
23762,Extrovert
23763,Extrovert
23764,Extrovert
23765,Introvert
23766,Extrovert
23767,Extrovert
23768,Introvert
23769,
23770,Extrovert
23771,Extrovert
23772,Introvert
23773,Extrovert
23774,Extrovert
23775,Extrovert
23776,Extrovert
23777,Extrovert
23778,Introvert
23779,Extrovert
23780,Extrovert
23781,Extrovert
23782,Introvert
23783,Extrovert
23784,Extrovert
23785,
23786,Introvert
23787,Extrovert
23788,Extrovert
23789,Extrovert
23790,Introvert
23791,Extrovert
23792,Extrovert
23793,Extrovert
23794,Extrovert
23795,Extrovert
23796,Introvert
23797,Extrovert
23798,Extrovert
23799,Extrovert
23800,Extrovert
23801,Extrovert
23802,Extrovert
23803,Extrovert
23804,Extrovert
23805,Extrovert
23806,Extrovert
23807,Extrovert
23808,Introvert
23809,Introvert
23810,Introvert
23811,Extrovert
23812,Introvert
23813,
23814,Extrovert
23815,Introvert
23816,Extrovert
23817,Extrovert
23818,Extrovert
23819,Extrovert
23820,Extrovert
23821,Extrovert
23822,Introvert
23823,Extrovert
23824,Extrovert
23825,Extrovert
23826,Extrovert
23827,Extrovert
23828,Introvert
23829,Extrovert
23830,Introvert
23831,Extrovert
23832,Extrovert
23833,
23834,Extrovert
23835,Extrovert
23836,Extrovert
23837,Extrovert
23838,Introvert
23839,Extrovert
23840,
23841,Extrovert
23842,Extrovert
23843,Extrovert
23844,Extrovert
23845,Extrovert
23846,Extrovert
23847,Introvert
23848,Extrovert
23849,Extrovert
23850,Extrovert
23851,Extrovert
23852,Introvert
23853,Extrovert
23854,Extrovert
23855,Extrovert
23856,Extrovert
23857,Extrovert
23858,Extrovert
23859,Extrovert
23860,Extrovert
23861,Introvert
23862,Extrovert
23863,Extrovert
23864,Extrovert
23865,Extrovert
23866,Extrovert
23867,Extrovert
23868,Extrovert
23869,Extrovert
23870,Extrovert
23871,Extrovert
23872,Introvert
23873,Extrovert
23874,Extrovert
23875,Extrovert
23876,Extrovert
23877,Extrovert
23878,Extrovert
23879,Extrovert
23880,Extrovert
23881,Introvert
23882,Extrovert
23883,Extrovert
23884,Extrovert
23885,Extrovert
23886,Introvert
23887,Extrovert
23888,Extrovert
23889,Introvert
23890,Extrovert
23891,Extrovert
23892,Extrovert
23893,Introvert
23894,Extrovert
23895,Extrovert
23896,Extrovert
23897,Extrovert
23898,Extrovert
23899,Extrovert
23900,Extrovert
23901,Extrovert
23902,Extrovert
23903,Introvert
23904,Extrovert
23905,Extrovert
23906,Extrovert
23907,Extrovert
23908,Extrovert
23909,Extrovert
23910,Extrovert
23911,Extrovert
23912,Extrovert
23913,Introvert
23914,Extrovert
23915,Extrovert
23916,Extrovert
23917,Introvert
23918,Introvert
23919,Extrovert
23920,Extrovert
23921,Extrovert
23922,Extrovert
23923,Extrovert
23924,
23925,Introvert
23926,Introvert
23927,Extrovert
23928,Introvert
23929,Extrovert
23930,Extrovert
23931,Introvert
23932,Extrovert
23933,Introvert
23934,Extrovert
23935,Extrovert
23936,Extrovert
23937,Extrovert
23938,Extrovert
23939,Extrovert
23940,Extrovert
23941,Extrovert
23942,Introvert
23943,Extrovert
23944,Extrovert
23945,Extrovert
23946,Extrovert
23947,Extrovert
23948,Extrovert
23949,Extrovert
23950,Extrovert
23951,Extrovert
23952,Extrovert
23953,Extrovert
23954,Extrovert
23955,Extrovert
23956,Extrovert
23957,
23958,Extrovert
23959,Introvert
23960,Extrovert
23961,Introvert
23962,Extrovert
23963,Extrovert
23964,Introvert
23965,Extrovert
23966,Extrovert
23967,Extrovert
23968,Extrovert
23969,Extrovert
23970,Extrovert
23971,Extrovert
23972,Introvert
23973,Introvert
23974,Extrovert
23975,Introvert
23976,Extrovert
23977,Extrovert
23978,Extrovert
23979,Extrovert
23980,Introvert
23981,Extrovert
23982,Extrovert
23983,Extrovert
23984,Extrovert
23985,Introvert
23986,Extrovert
23987,Extrovert
23988,Extrovert
23989,Extrovert
23990,Extrovert
23991,Introvert
23992,Extrovert
23993,Introvert
23994,Extrovert
23995,Extrovert
23996,Extrovert
23997,Introvert
23998,Extrovert
23999,Extrovert
24000,Extrovert
24001,Extrovert
24002,Extrovert
24003,Introvert
24004,Introvert
24005,Extrovert
24006,Extrovert
24007,Extrovert
24008,Extrovert
24009,Introvert
24010,Extrovert
24011,Introvert
24012,Extrovert
24013,Introvert
24014,Extrovert
24015,Extrovert
24016,Extrovert
24017,Introvert
24018,Extrovert
24019,Introvert
24020,Extrovert
24021,Extrovert
24022,Extrovert
24023,Introvert
24024,Introvert
24025,Extrovert
24026,Introvert
24027,
24028,Extrovert
24029,Extrovert
24030,Extrovert
24031,Extrovert
24032,Introvert
24033,Introvert
24034,
24035,Extrovert
24036,Introvert
24037,Introvert
24038,Extrovert
24039,Introvert
24040,Introvert
24041,Introvert
24042,Extrovert
24043,Extrovert
24044,
24045,Extrovert
24046,Extrovert
24047,Extrovert
24048,Extrovert
24049,Extrovert
24050,Extrovert
24051,Introvert
24052,Extrovert
24053,Extrovert
24054,Extrovert
24055,Extrovert
24056,Extrovert
24057,Introvert
24058,Extrovert
24059,Extrovert
24060,Introvert
24061,Extrovert
24062,Extrovert
24063,Extrovert
24064,Introvert
24065,Extrovert
24066,Introvert
24067,Extrovert
24068,Extrovert
24069,Extrovert
24070,Extrovert
24071,Extrovert
24072,Extrovert
24073,Extrovert
24074,Extrovert
24075,Extrovert
24076,
24077,Extrovert
24078,Extrovert
24079,Extrovert
24080,Extrovert
24081,Introvert
24082,Extrovert
24083,Introvert
24084,Extrovert
24085,Introvert
24086,Extrovert
24087,Extrovert
24088,Introvert
24089,Extrovert
24090,Introvert
24091,Introvert
24092,Extrovert
24093,Extrovert
24094,Extrovert
24095,Extrovert
24096,Extrovert
24097,Extrovert
24098,Extrovert
24099,Extrovert
24100,Extrovert
24101,
24102,Extrovert
24103,Extrovert
24104,Extrovert
24105,Introvert
24106,Introvert
24107,Extrovert
24108,Extrovert
24109,Extrovert
24110,Extrovert
24111,Extrovert
24112,Extrovert
24113,Introvert
24114,Extrovert
24115,Extrovert
24116,Extrovert
24117,Extrovert
24118,Extrovert
24119,Introvert
24120,Extrovert
24121,
24122,Extrovert
24123,Extrovert
24124,Extrovert
24125,Introvert
24126,Introvert
24127,Extrovert
24128,Extrovert
24129,Extrovert
24130,Extrovert
24131,Introvert
24132,Extrovert
24133,Extrovert
24134,Extrovert
24135,Introvert
24136,Introvert
24137,Extrovert
24138,Extrovert
24139,Introvert
24140,Extrovert
24141,Extrovert
24142,Extrovert
24143,Extrovert
24144,
24145,Extrovert
24146,Extrovert
24147,Extrovert
24148,Extrovert
24149,Extrovert
24150,Introvert
24151,Extrovert
24152,Extrovert
24153,Extrovert
24154,Extrovert
24155,Extrovert
24156,Extrovert
24157,Extrovert
24158,Introvert
24159,Extrovert
24160,Extrovert
24161,Extrovert
24162,Extrovert
24163,Extrovert
24164,Extrovert
24165,Extrovert
24166,Extrovert
24167,Extrovert
24168,Introvert
24169,Extrovert
24170,Extrovert
24171,Extrovert
24172,Extrovert
24173,Extrovert
24174,Extrovert
24175,Extrovert
24176,Extrovert
24177,Extrovert
24178,
24179,Extrovert
24180,Extrovert
24181,Introvert
24182,Extrovert
24183,Extrovert
24184,Extrovert
24185,Extrovert
24186,Extrovert
24187,Extrovert
24188,Extrovert
24189,Introvert
24190,
24191,Extrovert
24192,
24193,Introvert
24194,Extrovert
24195,Extrovert
24196,Extrovert
24197,
24198,Extrovert
24199,Extrovert
24200,Extrovert
24201,Extrovert
24202,Extrovert
24203,Extrovert
24204,Introvert
24205,Extrovert
24206,Extrovert
24207,Extrovert
24208,Introvert
24209,Extrovert
24210,Extrovert
24211,Extrovert
24212,Extrovert
24213,Extrovert
24214,Extrovert
24215,Extrovert
24216,Introvert
24217,Extrovert
24218,Extrovert
24219,Extrovert
24220,Extrovert
24221,Extrovert
24222,Introvert
24223,Introvert
24224,Extrovert
24225,Extrovert
24226,Extrovert
24227,Extrovert
24228,Introvert
24229,
24230,Introvert
24231,Introvert
24232,Extrovert
24233,Extrovert
24234,Extrovert
24235,Extrovert
24236,Introvert
24237,Extrovert
24238,Extrovert
24239,Extrovert
24240,Extrovert
24241,Extrovert
24242,Introvert
24243,Extrovert
24244,
24245,Extrovert
24246,Extrovert
24247,Extrovert
24248,Extrovert
24249,
24250,Introvert
24251,Introvert
24252,Extrovert
24253,Extrovert
24254,
24255,
24256,Extrovert
24257,Extrovert
24258,Extrovert
24259,Extrovert
24260,Introvert
24261,Extrovert
24262,Introvert
24263,Introvert
24264,Extrovert
24265,Extrovert
24266,Extrovert
24267,Introvert
24268,Extrovert
24269,Introvert
24270,Extrovert
24271,Extrovert
24272,Extrovert
24273,Extrovert
24274,
24275,Introvert
24276,Extrovert
24277,Extrovert
24278,Extrovert
24279,Extrovert
24280,Introvert
24281,Extrovert
24282,
24283,Extrovert
24284,Extrovert
24285,Extrovert
24286,Extrovert
24287,Extrovert
24288,
24289,Extrovert
24290,
24291,Extrovert
24292,Extrovert
24293,Introvert
24294,Introvert
24295,
24296,Extrovert
24297,Extrovert
24298,Extrovert
24299,Extrovert
24300,Extrovert
24301,Extrovert
24302,Extrovert
24303,Extrovert
24304,Introvert
24305,Extrovert
24306,Extrovert
24307,Introvert
24308,Extrovert
24309,Extrovert
24310,Introvert
24311,Extrovert
24312,Introvert
24313,Extrovert
24314,Extrovert
24315,Extrovert
24316,Extrovert
24317,Introvert
24318,Extrovert
24319,Extrovert
24320,Extrovert
24321,Extrovert
24322,
24323,Extrovert
24324,Extrovert
24325,Extrovert
24326,Extrovert
24327,Introvert
24328,Extrovert
24329,Introvert
24330,Introvert
24331,Extrovert
24332,Extrovert
24333,Extrovert
24334,Introvert
24335,Extrovert
24336,Extrovert
24337,Extrovert
24338,Extrovert
24339,Introvert
24340,Introvert
24341,Introvert
24342,Extrovert
24343,Extrovert
24344,Introvert
24345,Extrovert
24346,Extrovert
24347,Extrovert
24348,Extrovert
24349,
24350,Extrovert
24351,Introvert
24352,Extrovert
24353,Extrovert
24354,Extrovert
24355,Extrovert
24356,Extrovert
24357,Extrovert
24358,Extrovert
24359,
24360,Introvert
24361,Extrovert
24362,Extrovert
24363,Extrovert
24364,Introvert
24365,Extrovert
24366,Extrovert
24367,Introvert
24368,Extrovert
24369,Extrovert
24370,
24371,Extrovert
24372,Extrovert
24373,Introvert
24374,Extrovert
24375,Extrovert
24376,Extrovert
24377,Extrovert
24378,Extrovert
24379,Introvert
24380,Extrovert
24381,Extrovert
24382,Introvert
24383,Extrovert
24384,Extrovert
24385,Extrovert
24386,Introvert
24387,Extrovert
24388,Extrovert
24389,Extrovert
24390,Extrovert
24391,Introvert
24392,Introvert
24393,Extrovert
24394,Introvert
24395,Introvert
24396,Extrovert
24397,Extrovert
24398,Extrovert
24399,Introvert
24400,Extrovert
24401,Extrovert
24402,Extrovert
24403,Extrovert
24404,Extrovert
24405,Introvert
24406,Extrovert
24407,Extrovert
24408,Introvert
24409,Extrovert
24410,Extrovert
24411,Introvert
24412,Extrovert
24413,Extrovert
24414,Introvert
24415,Introvert
24416,Extrovert
24417,Introvert
24418,Extrovert
24419,Introvert
24420,Introvert
24421,Extrovert
24422,Extrovert
24423,Extrovert
24424,Extrovert
24425,Extrovert
24426,Extrovert
24427,Extrovert
24428,Extrovert
24429,Extrovert
24430,Introvert
24431,Introvert
24432,Introvert
24433,Extrovert
24434,Extrovert
24435,Extrovert
24436,Introvert
24437,Extrovert
24438,Extrovert
24439,Extrovert
24440,Introvert
24441,Introvert
24442,Extrovert
24443,Extrovert
24444,Extrovert
24445,Extrovert
24446,Extrovert
24447,Introvert
24448,Extrovert
24449,Introvert
24450,Extrovert
24451,Extrovert
24452,Introvert
24453,Extrovert
24454,Extrovert
24455,Introvert
24456,Introvert
24457,Extrovert
24458,Introvert
24459,Extrovert
24460,Extrovert
24461,Introvert
24462,Extrovert
24463,Extrovert
24464,Extrovert
24465,Introvert
24466,Extrovert
24467,Introvert
24468,Extrovert
24469,Extrovert
24470,Extrovert
24471,Introvert
24472,Introvert
24473,Introvert
24474,Introvert
24475,Introvert
24476,Extrovert
24477,Introvert
24478,Extrovert
24479,Extrovert
24480,Extrovert
24481,Extrovert
24482,Extrovert
24483,Extrovert
24484,Extrovert
24485,Extrovert
24486,Introvert
24487,Extrovert
24488,Extrovert
24489,Extrovert
24490,Introvert
24491,Introvert
24492,Extrovert
24493,Introvert
24494,Introvert
24495,Extrovert
24496,Introvert
24497,Extrovert
24498,Extrovert
24499,
24500,Extrovert
24501,
24502,Extrovert
24503,Introvert
24504,Introvert
24505,Extrovert
24506,Extrovert
24507,Extrovert
24508,Extrovert
24509,Extrovert
24510,Extrovert
24511,Extrovert
24512,Extrovert
24513,Extrovert
24514,Extrovert
24515,Introvert
24516,Extrovert
24517,Extrovert
24518,Introvert
24519,Extrovert
24520,Extrovert
24521,Extrovert
24522,Extrovert
24523,Extrovert
24524,
24525,Introvert
24526,Extrovert
24527,Extrovert
24528,
24529,Extrovert
24530,Extrovert
24531,
24532,Extrovert
24533,Extrovert
24534,Extrovert
24535,Introvert
24536,Extrovert
24537,Extrovert
24538,Extrovert
24539,Extrovert
24540,Extrovert
24541,Introvert
24542,Introvert
24543,Extrovert
24544,Extrovert
24545,Extrovert
24546,Extrovert
24547,Extrovert
24548,Introvert
24549,Extrovert
24550,Extrovert
24551,Extrovert
24552,Introvert
24553,Extrovert
24554,Introvert
24555,Extrovert
24556,Extrovert
24557,Extrovert
24558,Extrovert
24559,Extrovert
24560,Extrovert
24561,Extrovert
24562,Extrovert
24563,Extrovert
24564,Extrovert
24565,Introvert
24566,Extrovert
24567,Extrovert
24568,Introvert
24569,Extrovert
24570,Extrovert
24571,Extrovert
24572,Extrovert
24573,Extrovert
24574,Extrovert
24575,Extrovert
24576,Extrovert
24577,Extrovert
24578,Introvert
24579,Extrovert
24580,Extrovert
24581,Introvert
24582,Extrovert
24583,Extrovert
24584,Introvert
24585,Extrovert
24586,Extrovert
24587,Extrovert
24588,Extrovert
24589,Extrovert
24590,Extrovert
24591,Introvert
24592,Introvert
24593,Extrovert
24594,Extrovert
24595,Extrovert
24596,Extrovert
24597,Extrovert
24598,
24599,Introvert
24600,Extrovert
24601,Extrovert
24602,Extrovert
24603,Extrovert
24604,Extrovert
24605,
24606,Extrovert
24607,Introvert
24608,Extrovert
24609,Extrovert
24610,Extrovert
24611,Extrovert
24612,Introvert
24613,Introvert
24614,Extrovert
24615,Extrovert
24616,Extrovert
24617,Extrovert
24618,Introvert
24619,Introvert
24620,Extrovert
24621,Extrovert
24622,Extrovert
24623,Extrovert
24624,Extrovert
24625,Introvert
24626,Introvert
24627,Extrovert
24628,Extrovert
24629,Introvert
24630,Introvert
24631,Extrovert
24632,Introvert
24633,Introvert
24634,Introvert
24635,Extrovert
24636,Extrovert
24637,Extrovert
24638,Extrovert
24639,Extrovert
24640,Extrovert
24641,Extrovert
24642,Extrovert
24643,Extrovert
24644,Introvert
24645,Introvert
24646,Introvert
24647,Extrovert
24648,Extrovert
24649,Extrovert
24650,Introvert
24651,Extrovert
24652,Extrovert
24653,Introvert
24654,Extrovert
24655,Introvert
24656,Extrovert
24657,Introvert
24658,Extrovert
24659,Extrovert
24660,Extrovert
24661,Introvert
24662,Extrovert
24663,Extrovert
24664,Introvert
24665,Extrovert
24666,Introvert
24667,Extrovert
24668,Extrovert
24669,Extrovert
24670,Introvert
24671,Introvert
24672,
24673,Extrovert
24674,Extrovert
24675,Introvert
24676,Extrovert
24677,Introvert
24678,Extrovert
24679,Extrovert
24680,Extrovert
24681,Extrovert
24682,Introvert
24683,Extrovert
24684,Extrovert
24685,Extrovert
24686,Introvert
24687,Extrovert
24688,Extrovert
24689,Extrovert
24690,
24691,Extrovert
24692,Extrovert
24693,Extrovert
24694,Extrovert
24695,Introvert
24696,Extrovert
24697,Extrovert
24698,Extrovert
